lat_rounded,lon_rounded,district_imputed
48.89,2.33,
48.89,2.35,
48.88,2.32,
48.85,2.31,
48.86,2.27,
48.86,2.35,
48.86,2.37,
48.86,2.38,
48.88,2.37,
48.88,2.33,
48.82,2.35,
48.86,2.36,
48.84,2.35,
48.87,2.36,
48.87,2.37,
48.88,2.31,
48.85,2.37,
48.84,2.36,
48.88,2.29,
48.84,2.33,
48.87,2.35,
48.85,2.4,
48.89,2.32,
48.88,2.36,
48.9,2.34,
48.85,2.29,
48.85,2.32,
48.85,2.34,
48.84,2.29,
48.84,2.34,
48.84,2.26,
48.87,2.4,
48.88,2.35,
48.84,2.28,
48.86,2.39,
48.88,2.34,
48.83,2.33,
48.86,2.4,
48.87,2.38,
48.85,2.39,
48.85,2.38,
48.87,2.39,
48.86,2.32,
48.84,2.41,
48.89,2.34,
48.85,2.27,
48.9,2.35,
48.83,2.35,
48.84,2.3,
48.86,2.34,
48.85,2.3,
48.89,2.36,
48.86,2.31,
48.88,2.28,
48.84,2.39,
48.87,2.32,
48.9,2.32,
48.86,2.3,
48.83,2.34,
48.84,2.32,
48.88,2.4,
48.86,2.28,
48.82,2.34,
48.83,2.4,
48.89,2.38,
48.83,2.32,
48.89,2.39,
48.87,2.28,
48.85,2.36,
48.86,2.33,
48.89,2.31,
48.83,2.36,
48.84,2.4,
48.88,2.39,
48.85,2.33,
48.88,2.38,
48.84,2.38,
48.87,2.34,
48.84,2.31,
48.85,2.41,
48.88,2.3,
48.85,2.35,
48.86,2.29,
48.87,2.29,
48.84,2.27,
48.87,2.31,
48.89,2.37,
48.82,2.33,
48.83,2.37,
48.9,2.33,
48.87,2.33,
48.83,2.3,
48.85,2.28,
48.82,2.36,
48.83,2.29,
48.83,2.31,
48.86,2.41,
48.87,2.27,
48.87,2.3,
48.85,2.26,
48.9,2.38,
48.83,2.38,
48.87,2.41,
48.82,2.37,
48.88,2.41,
48.89,2.29,
48.85,2.24,
48.83,2.41,
48.9,2.37,
48.82,2.32,
48.84,2.37,
48.9,2.39,
48.89,2.3,
48.83,2.28,
48.9,2.36,
48.84,2.25,
48.83,2.39,
48.85,2.25,
48.88,2.26,
48.86,2.26,
48.85,2.42,
13.72,100.59,
-22.98,-43.22,
-33.89,151.27,
40.88,29.09,
41.91,12.47,
22.22,114.21,
41.01,29.01,
41.89,12.52,
41.91,12.54,
41.89,12.54,
19.37,-99.25,
19.34,-99.16,
-33.91,18.4,
-33.89,18.66,
-33.91,18.41,
-22.99,-43.21,
-22.99,-43.19,
-22.97,-43.19,
-22.96,-43.2,
-33.84,151.21,
-33.89,151.26,
-33.81,151.01,
41.05,28.98,
41.92,12.51,
41.91,12.46,
41.91,12.45,
41.88,12.51,
41.9,12.46,
41.9,12.5,
22.3,114.17,
22.29,114.02,
19.39,-99.16,
19.42,-99.16,
-33.89,18.48,
-33.92,18.42,
-33.79,151.12,
-33.89,151.28,
-33.87,151.19,
-33.96,151.16,
41.04,28.99,
41.9,12.49,
22.28,114.17,
22.29,114.14,
22.3,114.03,
19.41,-99.17,
19.43,-99.16,
19.36,-99.18,
19.48,-99.21,
19.43,-99.15,
19.36,-99.16,
19.44,-99.13,
19.4,-99.15,
19.43,-99.19,
19.37,-99.27,
19.44,-99.21,
19.41,-99.18,
-34.09,18.49,
-33.95,18.38,
-33.93,18.42,
-23.02,-43.45,
-22.96,-43.17,
-23.01,-43.33,
-22.94,-43.25,
-33.79,151.29,
-33.76,151.3,
-33.97,151.25,
-33.86,151.21,
-33.96,151.1,
-33.66,151.31,
-33.79,151.27,
-33.93,151.12,
-33.85,151.22,
-33.73,151.3,
-33.83,151.21,
-33.97,151.1,
-33.81,151.09,
-33.89,150.94,
-33.89,151.21,
-33.84,151.23,
-33.88,151.23,
-33.9,151.21,
-33.85,151.07,
41.03,28.98,
41.96,12.55,
41.9,12.51,
41.92,12.49,
41.89,12.47,
41.89,12.56,
41.89,12.5,
41.74,12.27,
13.73,100.56,
13.74,100.74,
19.35,-99.15,
-33.93,18.44,
-22.98,-43.19,
-23.01,-43.35,
-33.94,151.24,
-33.89,151.12,
-33.91,151.03,
-34.06,151.15,
41.03,28.99,
41.94,12.46,
41.88,12.54,
41.79,12.4,
41.91,12.48,
-22.95,-43.17,
-33.8,151.29,
-33.87,151.23,
-33.88,151.21,
19.4,-99.11,
-33.99,18.46,
-23.01,-43.31,
-33.79,151.28,
40.99,29.03,
19.41,-99.16,
19.36,-99.28,
-34.14,18.33,
-22.94,-43.18,
-33.82,151.01,
-33.9,151.27,
41.04,28.97,
41.88,12.48,
41.9,12.47,
41.93,12.47,
13.68,100.52,
13.73,100.59,
22.26,114.0,
19.42,-99.17,
19.48,-99.19,
19.43,-99.1,
-34.14,18.32,
-33.84,18.5,
-33.93,18.4,
-33.82,18.66,
-34.11,18.47,
-22.99,-43.22,
-22.95,-43.19,
-22.91,-43.19,
-22.91,-43.18,
-23.02,-43.5,
-33.88,151.24,
-34.04,151.16,
-33.7,151.3,
-33.88,151.22,
-33.8,151.21,
-33.79,151.25,
-33.73,151.05,
-33.84,151.22,
-33.78,151.05,
-33.91,151.24,
-33.89,151.2,
-33.87,151.22,
-33.9,151.17,
-33.9,151.15,
-33.92,150.93,
-33.87,151.2,
-33.67,151.31,
-33.89,151.24,
40.98,29.03,
41.02,28.97,
41.91,12.55,
41.89,12.53,
41.87,12.49,
41.72,12.3,
-34.09,18.48,
-33.9,18.69,
-23.02,-43.49,
-33.88,151.18,
41.2,29.05,
41.05,29.0,
41.98,12.45,
41.87,12.48,
48.89,2.4,
13.74,100.57,
13.72,100.53,
13.83,100.53,
13.68,100.54,
13.72,100.57,
22.29,114.15,
22.28,114.15,
19.36,-99.29,
19.36,-99.27,
19.43,-99.14,
19.43,-99.17,
-33.96,18.38,
-33.91,18.42,
-22.95,-43.18,
-22.96,-43.18,
-22.93,-43.18,
-22.97,-43.18,
-22.98,-43.2,
-22.9,-43.18,
-22.92,-43.24,
-23.0,-43.33,
-33.89,151.18,
-33.87,151.21,
-33.91,151.27,
-33.69,151.31,
-33.83,151.23,
-33.85,151.21,
-33.9,151.18,
-33.93,151.24,
40.92,29.3,
41.06,28.98,
40.94,29.12,
40.95,29.17,
41.06,28.99,
40.99,29.05,
41.06,29.0,
41.77,12.38,
41.86,12.49,
41.95,12.44,
22.32,114.16,
22.33,114.19,
19.4,-99.14,
19.45,-99.2,
-33.94,18.43,
-34.12,18.45,
-34.06,18.83,
-34.16,18.87,
-33.94,18.41,
-34.0,18.47,
-34.05,18.36,
-33.9,18.55,
-34.09,18.87,
-34.06,18.45,
-22.98,-43.21,
-22.92,-43.18,
-22.94,-43.17,
-23.01,-43.43,
-22.97,-43.4,
-22.98,-43.42,
-23.01,-43.34,
-33.8,151.28,
-33.75,151.29,
-33.89,151.23,
-33.72,151.3,
-33.95,151.2,
-33.91,151.25,
-33.81,151.1,
-33.92,151.19,
-33.92,151.26,
41.87,12.51,
41.74,12.25,
41.93,12.44,
41.73,12.28,
41.89,12.51,
41.74,12.28,
41.91,12.52,
-33.78,151.28,
13.81,100.56,
13.81,100.63,
22.3,114.18,
19.38,-99.14,
19.4,-99.18,
19.44,-99.19,
-22.97,-43.39,
-23.02,-43.46,
-22.97,-43.21,
-22.86,-43.6,
-33.93,151.26,
-33.63,151.33,
-33.92,151.25,
-33.78,151.29,
-33.8,151.27,
-33.95,151.22,
40.96,28.82,
41.04,29.0,
41.91,12.5,
41.9,12.42,
48.9,2.31,
13.74,100.45,
13.71,100.6,
22.29,114.2,
19.34,-99.18,
19.35,-99.18,
19.44,-99.15,
19.43,-99.2,
-22.99,-43.2,
-33.85,151.28,
41.91,12.49,
41.9,12.48,
41.9,12.45,
13.74,100.58,
13.78,100.49,
19.38,-99.17,
19.42,-99.15,
19.41,-99.15,
19.33,-99.24,
19.44,-99.14,
-22.92,-43.21,
-22.94,-43.19,
-33.91,151.26,
-33.9,151.26,
41.0,29.03,
41.05,28.99,
40.95,29.12,
41.04,28.98,
41.89,12.49,
41.91,12.53,
41.87,12.54,
19.42,-99.18,
13.72,100.51,
13.7,100.59,
13.75,100.55,
13.77,100.58,
19.31,-99.05,
-33.82,18.48,
-33.94,18.42,
-34.04,18.35,
-23.0,-43.36,
-33.88,151.2,
41.88,12.46,
41.88,12.5,
41.81,12.44,
41.92,12.46,
13.67,100.61,
13.69,100.61,
22.51,114.06,
19.46,-99.16,
19.33,-99.13,
19.39,-99.17,
-34.06,18.85,
-34.12,18.82,
-34.1,18.48,
-33.92,18.7,
-33.84,151.13,
41.07,28.99,
41.0,28.87,
41.02,28.82,
41.04,29.01,
41.88,12.43,
41.93,12.52,
13.71,100.51,
19.37,-99.14,
-33.9,18.4,
-33.89,151.15,
-33.8,151.12,
-33.9,151.23,
41.07,29.04,
41.9,12.52,
41.89,12.45,
41.92,12.57,
41.89,12.48,
41.89,12.44,
19.43,-99.18,
41.84,12.56,
13.75,100.61,
19.41,-99.19,
19.38,-99.16,
-33.93,18.41,
-34.01,18.46,
-22.98,-43.23,
-23.02,-43.47,
-33.9,151.2,
-33.78,151.11,
-34.05,151.16,
-33.94,151.25,
41.03,28.97,
41.87,12.46,
41.93,12.48,
41.92,12.5,
13.77,100.57,
13.78,100.57,
13.69,100.64,
13.7,100.49,
13.75,100.54,
13.67,100.6,
19.32,-99.17,
-34.03,18.47,
-33.93,151.25,
-33.81,151.18,
-33.82,151.1,
-33.77,151.08,
41.11,29.05,
41.01,28.97,
41.06,28.94,
41.88,12.47,
41.87,12.52,
41.91,12.42,
41.92,12.42,
41.94,12.42,
41.89,12.55,
41.89,12.57,
41.9,12.44,
41.86,12.57,
41.92,12.45,
41.94,12.47,
41.87,12.45,
41.74,12.29,
41.92,12.52,
41.96,12.46,
41.81,12.42,
41.92,12.44,
41.92,12.53,
41.86,12.47,
41.87,12.47,
41.9,12.43,
13.76,100.58,
19.3,-99.14,
19.4,-99.17,
19.32,-99.08,
-33.79,18.46,
-34.09,18.46,
-33.89,18.51,
-22.93,-43.17,
-22.99,-43.23,
41.02,28.63,
41.73,12.29,
41.91,12.44,
41.85,12.47,
13.72,100.54,
13.75,100.53,
13.75,100.56,
13.72,100.48,
22.3,114.01,
-33.93,18.5,
-33.92,18.39,
-33.93,18.69,
-22.92,-43.19,
41.72,12.31,
19.39,-99.18,
19.4,-99.16,
-33.65,151.32,
-33.79,151.08,
-33.82,151.24,
-33.83,151.25,
-33.83,151.2,
41.86,12.55,
-33.88,18.65,
-33.88,151.27,
40.98,28.88,
19.42,-99.14,
19.33,-99.23,
-22.98,-43.24,
-34.03,151.1,
-33.86,151.28,
41.97,12.51,
19.35,-99.16,
19.49,-99.15,
19.43,-99.21,
-33.8,18.46,
-34.14,18.39,
-33.88,18.51,
-22.93,-43.19,
-22.91,-43.24,
-33.83,151.19,
-33.88,151.28,
-33.83,151.08,
-33.94,151.15,
-33.83,151.13,
40.98,29.02,
41.12,28.77,
41.88,12.49,
13.8,100.55,
19.35,-99.19,
19.44,-99.16,
-33.94,151.26,
-33.79,151.18,
-33.87,151.1,
-33.82,151.21,
-33.88,151.26,
-33.88,151.15,
41.0,28.97,
-34.04,18.36,
42.02,12.39,
19.44,-99.2,
-33.93,18.43,
-33.83,18.48,
41.87,12.53,
-34.01,18.39,
-22.94,-43.58,
-33.88,151.17,
-33.7,150.93,
41.06,28.81,
41.86,12.54,
41.94,12.55,
41.87,12.55,
-33.81,18.47,
-33.93,151.16,
-33.91,151.21,
40.99,29.02,
41.92,12.47,
41.88,12.52,
13.7,100.5,
13.76,100.57,
19.36,-99.2,
19.37,-99.15,
-33.82,18.5,
-33.74,18.44,
-33.94,18.5,
-34.2,18.45,
-33.91,18.39,
-34.17,18.43,
-33.87,151.24,
-33.94,151.2,
-33.88,151.19,
-33.98,151.24,
-33.86,151.18,
41.84,12.51,
41.91,12.51,
22.32,114.17,
19.33,-99.15,
19.37,-99.18,
19.43,-99.22,
-22.99,-43.26,
-22.91,-43.23,
-22.97,-43.36,
-22.92,-43.22,
-23.01,-43.32,
-22.97,-43.38,
-23.01,-43.3,
-23.01,-43.46,
-22.99,-43.36,
-23.01,-43.45,
-23.0,-43.32,
-23.0,-43.37,
-23.0,-43.35,
-23.01,-43.36,
-23.0,-43.4,
-22.95,-43.36,
-33.92,151.2,
-34.05,151.15,
-33.66,151.3,
-33.8,151.0,
-33.87,151.27,
-33.95,151.13,
41.02,28.66,
41.07,28.89,
41.96,12.4,
41.93,12.51,
42.02,12.36,
13.9,100.64,
19.37,-99.11,
19.46,-99.13,
-22.99,-43.42,
-22.98,-43.37,
-23.0,-43.26,
19.37,-99.17,
-34.1,18.82,
-33.91,151.15,
-33.91,151.23,
41.01,28.6,
41.04,28.93,
-33.86,151.06,
22.28,114.13,
-23.0,-43.43,
-33.96,151.06,
-33.93,151.15,
-33.92,151.23,
41.01,28.8,
41.94,12.52,
41.92,12.55,
-33.87,151.25,
-33.91,151.19,
-33.86,151.17,
13.73,100.58,
-22.91,-43.21,
-33.85,151.13,
-33.92,151.24,
40.96,29.1,
-33.92,18.38,
-34.11,18.83,
-33.9,18.41,
-22.98,-43.41,
-23.02,-43.51,
-22.93,-43.24,
-33.76,151.27,
-33.87,151.09,
41.75,12.38,
13.73,100.57,
19.34,-99.2,
-23.01,-43.48,
-34.06,151.16,
-33.75,151.3,
-33.75,151.26,
-33.94,151.22,
-33.95,151.25,
41.02,29.01,
41.94,12.53,
22.27,114.17,
19.44,-99.18,
-22.97,-43.41,
-23.03,-43.47,
-22.94,-43.36,
-22.93,-43.58,
-33.91,151.18,
-33.82,151.09,
41.13,29.05,
41.04,28.95,
41.04,29.09,
13.7,100.6,
19.41,-99.11,
-34.17,18.86,
-33.96,18.48,
-33.93,18.38,
-34.08,18.85,
-22.95,-43.2,
-22.96,-43.21,
-22.92,-43.26,
-22.94,-43.33,
-22.99,-43.38,
-22.96,-43.38,
-33.84,151.2,
-34.05,151.14,
-33.95,151.26,
-33.79,151.26,
-33.83,151.14,
40.99,28.89,
41.89,12.43,
19.35,-99.22,
-33.89,18.52,
-22.96,-43.22,
-22.91,-43.17,
-23.0,-43.42,
-23.01,-43.44,
-22.91,-43.22,
-22.96,-43.19,
-22.94,-43.2,
-33.89,151.25,
13.74,100.54,
19.38,-99.18,
19.38,-99.25,
19.3,-99.21,
-33.83,18.55,
-23.02,-43.48,
-22.96,-43.39,
-33.85,151.16,
40.97,28.72,
40.89,29.2,
41.1,28.94,
40.99,28.9,
13.72,100.58,
13.78,100.47,
13.72,100.56,
19.39,-99.26,
19.3,-99.2,
19.45,-99.14,
-22.97,-43.2,
-22.9,-43.26,
-22.92,-43.23,
-22.89,-43.23,
-22.99,-43.33,
-23.03,-43.49,
-23.03,-43.48,
-23.0,-43.38,
-22.93,-43.23,
-22.9,-43.29,
-33.98,151.25,
-33.87,151.26,
41.01,28.95,
41.0,29.07,
41.02,28.62,
41.01,28.96,
41.09,29.03,
41.01,28.66,
41.06,28.71,
41.02,28.94,
40.91,29.05,
13.75,100.63,
13.7,100.61,
-33.82,18.52,
-33.74,151.3,
-33.86,151.19,
-33.75,151.27,
41.01,28.67,
41.92,12.41,
13.76,100.65,
13.75,100.58,
13.78,100.63,
13.93,100.6,
13.66,100.63,
13.77,100.56,
-33.78,18.45,
-22.87,-43.27,
-22.86,-43.3,
-22.89,-43.32,
-22.9,-43.54,
41.01,28.98,
41.11,29.04,
41.02,29.02,
41.06,28.96,
41.0,28.93,
41.07,28.78,
41.01,29.09,
41.86,12.36,
13.87,100.6,
13.74,100.59,
13.79,100.57,
13.78,100.58,
13.69,100.49,
22.4,114.11,
22.29,114.19,
19.43,-99.11,
-22.9,-43.61,
-33.89,151.17,
41.09,28.93,
41.03,28.95,
41.06,28.67,
40.96,29.09,
22.34,114.2,
48.83,2.43,
-33.93,151.2,
-33.74,151.01,
13.69,100.55,
13.74,100.55,
-33.86,151.1,
13.71,100.45,
13.72,100.52,
13.73,100.41,
13.82,100.57,
13.83,100.57,
13.74,100.56,
13.68,100.5,
13.71,100.59,
13.71,100.48,
22.31,114.17,
22.28,114.19,
-33.93,18.46,
-33.84,151.24,
-33.82,151.2,
-33.91,151.14,
-33.9,151.25,
-33.89,151.19,
-33.9,151.19,
41.05,29.01,
41.78,12.43,
48.82,2.38,
-34.13,18.44,
-33.92,18.43,
-22.96,-43.4,
-33.85,151.2,
-33.92,151.15,
41.77,12.49,
41.89,12.46,
41.89,12.42,
13.68,100.61,
13.71,100.43,
13.76,100.5,
13.88,100.65,
-34.01,18.38,
-33.7,18.44,
-33.91,151.17,
-33.71,151.17,
13.79,100.56,
-33.83,151.22,
-33.89,151.22,
13.92,100.6,
-34.06,18.82,
-33.98,18.49,
-33.63,151.32,
13.69,100.63,
13.68,100.62,
13.76,100.55,
13.75,100.57,
-33.87,18.62,
-33.89,151.13,
-33.88,151.1,
41.82,12.4,
48.83,2.42,
13.76,100.54,
13.71,100.62,
13.75,100.59,
13.81,100.65,
22.45,114.01,
22.31,114.18,
-34.09,18.88,
-34.03,18.36,
-34.06,18.86,
41.02,28.64,
41.02,28.98,
41.95,12.43,
48.82,2.39,
13.72,100.55,
13.72,100.71,
13.69,100.6,
13.7,100.51,
-22.89,-43.3,
-33.76,151.29,
-33.9,151.14,
-33.91,151.04,
-33.8,151.18,
-33.92,151.21,
-33.92,151.03,
-33.83,151.09,
-33.87,150.96,
-33.92,151.18,
-33.95,151.23,
41.09,29.02,
41.0,28.98,
41.87,12.44,
41.88,12.56,
19.38,-99.15,
-33.77,151.28,
41.95,12.54,
19.27,-99.14,
-22.92,-43.17,
-22.98,-43.39,
-33.68,151.31,
-33.85,151.14,
-33.91,151.16,
-33.8,151.01,
-33.82,151.11,
-33.87,151.28,
-33.87,151.18,
-33.96,151.15,
-33.91,151.2,
-33.86,151.08,
41.06,29.01,
19.46,-99.18,
19.34,-99.25,
-22.93,-43.36,
-33.97,151.13,
-33.88,150.89,
-33.74,151.14,
-33.83,151.0,
-33.88,151.16,
-33.93,151.21,
-33.89,151.09,
41.04,28.92,
41.0,29.08,
41.87,12.37,
41.88,12.34,
41.88,12.45,
41.73,12.26,
41.88,12.53,
41.78,12.52,
19.36,-99.15,
-34.12,18.83,
22.28,114.18,
-33.81,151.17,
-33.81,151.2,
-33.83,151.15,
-33.82,151.13,
-33.69,151.29,
-33.82,151.0,
-33.8,150.99,
-33.86,18.6,
-33.9,151.24,
41.05,29.02,
41.88,12.42,
19.32,-99.07,
19.37,-99.19,
-22.89,-43.29,
-22.88,-43.27,
-33.82,150.99,
-33.96,151.25,
-33.83,151.24,
-33.9,151.16,
-33.81,151.29,
-33.81,151.15,
42.05,12.29,
13.68,100.53,
19.46,-99.21,
19.39,-99.15,
-22.88,-43.31,
-23.0,-43.39,
-33.81,151.02,
41.05,28.38,
41.02,28.65,
41.02,28.95,
41.08,28.88,
41.94,12.57,
13.81,100.57,
13.73,100.6,
13.77,100.48,
19.3,-99.12,
19.39,-99.23,
-22.91,-43.2,
-23.0,-43.45,
-33.81,151.11,
-33.8,151.26,
-33.73,151.0,
41.06,28.97,
41.01,28.93,
41.07,28.93,
19.36,-99.3,
-34.14,18.86,
-22.91,-43.26,
-22.93,-43.25,
41.1,28.78,
41.02,28.93,
40.91,29.2,
13.79,100.55,
19.33,-99.2,
-22.91,-43.27,
-22.88,-43.29,
-23.0,-43.41,
-22.97,-43.33,
-22.93,-43.2,
-33.78,151.27,
-33.94,151.05,
40.95,29.13,
41.09,28.66,
40.99,28.54,
40.97,29.08,
41.96,12.49,
41.81,12.46,
41.84,12.55,
13.82,100.67,
19.43,-99.06,
-23.01,-43.42,
-22.95,-43.34,
-22.93,-43.26,
-22.93,-43.61,
-22.91,-43.25,
-23.0,-43.49,
-22.9,-43.24,
-22.95,-43.35,
-22.89,-43.35,
-22.97,-43.42,
-22.9,-43.25,
-23.01,-43.47,
-22.94,-43.35,
-22.9,-43.3,
-22.89,-43.55,
-22.88,-43.35,
-33.91,151.22,
-33.92,151.16,
41.05,28.96,
41.09,28.95,
41.05,28.79,
41.03,29.07,
41.09,28.77,
41.78,12.54,
41.97,12.44,
13.76,100.56,
13.72,100.5,
13.72,100.49,
-22.97,-43.23,
-22.99,-43.63,
-22.94,-43.39,
-22.92,-43.25,
-33.97,151.12,
40.98,28.77,
41.08,29.0,
40.98,29.05,
41.08,28.97,
41.01,28.94,
41.06,28.84,
42.04,12.31,
13.67,100.65,
19.25,-99.07,
-33.91,18.54,
-22.99,-43.32,
-22.92,-43.39,
-33.84,151.15,
-33.86,151.13,
40.98,28.75,
-22.93,-43.37,
-33.69,151.3,
-33.65,151.31,
13.71,100.5,
13.7,100.54,
19.36,-99.13,
-33.96,151.14,
-33.93,150.84,
13.73,100.53,
19.5,-99.18,
19.28,-99.19,
-33.78,18.46,
-34.07,18.84,
-33.85,151.24,
-33.7,151.29,
-33.93,151.07,
-33.82,151.18,
-33.83,151.01,
-33.81,151.04,
-33.71,151.3,
13.73,100.52,
-33.75,151.28,
-33.92,151.13,
-33.92,151.08,
-33.81,151.28,
-33.94,151.11,
-33.88,151.25,
-33.93,151.09,
-33.82,151.23,
-33.96,151.23,
13.78,100.54,
13.68,100.6,
-33.99,18.45,
-33.93,18.45,
-22.98,-43.33,
-33.86,151.11,
-33.93,151.23,
-33.87,151.17,
41.88,12.4,
-33.82,151.17,
-33.64,151.33,
-33.88,151.09,
41.82,12.49,
-33.9,151.22,
-33.91,151.12,
41.12,29.06,
-34.13,18.42,
-33.97,18.47,
-34.04,151.15,
19.44,-99.17,
19.27,-99.19,
19.3,-99.18,
-33.82,18.47,
-34.03,18.34,
-33.72,18.45,
-34.04,151.06,
-33.87,151.13,
-33.89,151.14,
-33.92,150.92,
19.29,-99.13,
19.42,-99.13,
-23.01,-43.29,
-33.95,151.21,
40.88,29.1,
41.83,12.6,
-33.8,151.25,
41.87,12.56,
13.77,100.54,
-33.86,18.51,
-34.13,18.84,
-34.03,18.43,
41.87,12.42,
41.92,12.68,
-33.81,151.08,
-33.76,151.28,
-33.77,151.1,
-33.67,151.3,
-33.97,151.15,
-33.92,151.04,
13.72,100.7,
13.88,100.59,
13.78,100.48,
13.71,100.61,
13.89,100.61,
22.28,114.16,
19.48,-99.08,
19.34,-99.19,
-34.1,18.88,
-33.81,18.51,
-34.11,18.84,
-33.89,18.59,
41.06,29.02,
41.03,28.67,
41.01,28.65,
41.01,28.69,
40.94,29.32,
41.05,28.67,
41.04,29.03,
41.94,12.48,
41.86,12.45,
41.96,12.63,
-22.89,-43.22,
-23.01,-43.37,
-22.91,-43.3,
-22.9,-43.35,
-22.88,-43.42,
-33.86,151.16,
-33.81,151.19,
-33.77,151.26,
-33.78,151.07,
-33.94,151.21,
-33.89,151.16,
-33.68,151.3,
-33.95,151.24,
-33.86,151.07,
48.83,2.27,
13.7,100.43,
13.73,100.47,
-22.84,-43.37,
-33.76,151.16,
-33.83,151.07,
13.75,100.5,
13.69,100.48,
13.78,100.4,
13.77,100.42,
13.83,100.65,
13.77,100.41,
13.76,100.43,
13.78,100.44,
13.8,100.54,
13.72,100.47,
13.68,100.55,
13.78,100.61,
-23.0,-43.31,
-22.9,-43.21,
-33.88,151.11,
-33.76,150.76,
41.06,28.82,
13.75,100.65,
13.76,100.62,
-34.16,18.89,
-33.88,18.68,
-22.93,-43.33,
-22.96,-43.16,
-22.99,-43.35,
-22.82,-43.3,
-22.82,-43.38,
-22.9,-43.36,
-22.81,-43.2,
-22.99,-43.41,
-22.88,-43.56,
41.09,29.09,
41.07,28.94,
41.12,29.03,
41.98,12.52,
42.0,12.49,
41.86,12.5,
-22.97,-43.17,
-33.82,151.08,
41.07,29.0,
-33.91,151.13,
41.03,28.85,
41.85,12.59,
-33.98,18.45,
-34.09,18.83,
-33.85,151.18,
41.85,12.43,
41.93,12.43,
13.73,100.63,
-33.71,151.1,
-33.81,151.16,
41.95,12.47,
41.84,12.59,
-33.8,151.19,
41.98,12.53,
-33.9,18.63,
-33.94,151.23,
41.79,12.43,
-33.85,151.03,
41.02,28.91,
41.0,28.89,
41.0,28.65,
13.79,100.61,
-23.02,-43.31,
-22.93,-43.35,
40.98,28.9,
41.11,29.01,
41.03,28.68,
41.84,12.48,
41.89,12.4,
-33.89,18.65,
-33.77,151.09,
41.05,28.97,
41.82,12.61,
41.95,12.45,
41.93,12.65,
41.8,12.42,
41.79,12.49,
41.93,12.53,
41.87,12.57,
48.85,2.45,
19.31,-99.15,
41.01,29.23,
41.85,12.48,
13.73,100.49,
13.87,100.67,
41.91,12.37,
41.97,12.45,
13.71,100.57,
-22.79,-43.17,
-22.96,-43.34,
-22.99,-43.46,
41.1,28.79,
41.01,28.64,
41.92,12.59,
41.84,12.46,
41.93,12.46,
41.8,12.45,
-22.91,-43.29,
13.84,100.58,
13.77,100.59,
19.34,-99.15,
-33.92,18.52,
-33.82,151.19,
-33.88,151.14,
40.94,29.13,
40.96,29.14,
41.09,29.07,
41.99,12.41,
13.87,100.59,
13.66,100.61,
13.71,100.53,
41.07,28.95,
41.08,28.68,
41.98,12.51,
41.87,12.6,
13.76,100.53,
13.69,100.54,
13.78,100.38,
13.84,100.66,
13.85,100.65,
-34.08,18.88,
-34.06,18.84,
-22.92,-43.27,
-22.95,-43.16,
41.01,29.2,
41.04,28.6,
41.0,28.96,
41.03,28.63,
40.89,29.19,
41.03,28.94,
41.03,28.9,
41.95,12.56,
13.8,100.58,
-33.82,18.69,
-33.85,151.08,
-33.95,18.41,
-33.85,151.19,
41.77,12.48,
13.71,100.58,
13.82,100.53,
41.06,28.69,
41.86,12.48,
41.81,12.43,
41.92,12.48,
41.96,12.52,
41.93,12.42,
22.29,114.13,
-33.86,151.2,
13.69,100.39,
41.91,12.41,
19.45,-99.15,
-33.78,151.12,
41.73,12.35,
19.43,-99.13,
-33.85,151.23,
41.79,12.38,
-33.91,18.43,
-33.79,151.0,
-33.8,151.14,
41.9,12.53,
41.9,12.54,
13.66,100.44,
19.36,-99.1,
19.48,-99.11,
-22.99,-43.49,
41.05,28.81,
40.92,29.16,
41.1,28.88,
41.04,28.8,
13.89,100.57,
13.74,100.7,
22.37,114.12,
19.46,-99.15,
-33.85,18.63,
-23.01,-43.38,
-23.0,-43.44,
-22.89,-43.28,
40.99,29.04,
41.04,28.96,
41.09,29.0,
40.97,29.05,
41.73,12.27,
13.82,100.55,
13.69,100.41,
13.93,100.61,
-33.85,151.12,
19.4,-99.26,
-33.94,18.45,
13.74,100.6,
13.69,100.51,
19.23,-99.17,
-33.81,151.21,
-33.73,151.16,
-33.92,151.1,
41.95,12.64,
-33.92,151.09,
-33.87,151.11,
13.73,100.54,
13.75,100.6,
13.84,100.57,
13.72,100.72,
19.39,-99.24,
-34.08,18.83,
-22.99,-43.24,
-33.91,151.1,
41.79,12.47,
-34.03,18.46,
-33.8,151.2,
-33.81,151.22,
-33.85,151.27,
41.94,12.62,
-34.05,18.73,
13.79,100.59,
-33.95,18.48,
-33.93,18.47,
-33.81,151.24,
-33.79,151.09,
41.93,12.41,
-33.82,151.25,
13.8,100.57,
13.72,100.46,
-34.0,151.09,
-33.77,151.16,
41.83,12.47,
13.74,100.65,
19.36,-99.14,
-34.13,18.41,
-34.12,18.92,
-33.75,151.07,
-33.9,151.11,
-33.86,151.15,
42.05,12.36,
13.83,100.56,
13.8,100.51,
-33.87,18.64,
-34.19,18.42,
-33.97,18.48,
-33.83,18.63,
41.88,12.57,
41.78,12.44,
41.83,12.36,
-33.88,151.13,
-33.85,151.15,
-33.9,151.13,
-33.93,151.14,
-34.03,18.48,
-22.99,-43.25,
13.66,100.62,
13.7,100.53,
13.68,100.47,
13.76,100.59,
13.73,100.7,
22.5,114.14,
19.38,-99.2,
19.26,-99.18,
-33.88,18.49,
-33.88,18.58,
-33.88,18.59,
-22.99,-43.48,
40.99,28.91,
40.91,29.16,
41.94,12.51,
-33.77,151.29,
-33.82,151.15,
-33.72,151.29,
13.69,100.42,
13.66,100.6,
-34.02,18.44,
-34.07,18.87,
-22.98,-43.46,
-33.66,151.32,
40.97,29.14,
40.99,28.62,
41.82,12.62,
42.0,12.35,
13.68,100.65,
13.71,100.54,
13.71,100.34,
13.78,100.64,
13.68,100.63,
13.79,100.69,
13.89,100.6,
19.35,-99.29,
19.37,-99.12,
19.28,-99.17,
-34.02,18.36,
-33.7,151.1,
41.03,28.66,
41.03,29.03,
13.78,100.59,
13.68,100.64,
13.69,100.5,
13.82,100.52,
13.74,100.42,
22.53,114.09,
22.54,114.13,
19.39,-99.19,
19.34,-99.13,
19.52,-99.15,
-33.65,151.28,
-33.91,151.08,
41.09,28.9,
40.92,29.18,
13.77,100.66,
13.74,100.64,
13.74,100.52,
13.77,100.53,
13.73,100.55,
-33.67,18.58,
-33.98,18.51,
-33.82,151.02,
41.08,29.03,
41.06,29.04,
13.71,100.47,
13.81,100.58,
13.85,100.64,
13.84,100.55,
13.84,100.7,
13.83,100.66,
13.82,100.61,
13.74,100.62,
22.33,114.16,
-34.03,18.49,
-34.0,18.51,
-33.9,18.6,
-34.15,18.88,
-34.04,18.75,
-22.9,-43.59,
-33.84,151.16,
41.07,28.98,
41.08,28.98,
41.17,29.05,
41.08,29.01,
41.13,29.06,
41.02,29.08,
41.1,28.9,
41.74,12.26,
41.92,12.38,
13.71,100.64,
-22.99,-43.37,
22.28,114.21,
22.34,114.14,
19.38,-99.11,
19.4,-99.12,
-33.87,18.6,
-34.14,18.41,
19.47,-99.13,
-33.93,18.51,
41.75,12.36,
19.45,-99.16,
-33.92,18.41,
-22.97,-43.35,
-22.9,-43.23,
-33.59,151.32,
41.18,28.89,
19.46,-99.19,
19.38,-99.26,
19.35,-99.3,
-34.14,18.43,
-33.84,150.98,
40.98,29.07,
40.99,28.7,
19.26,-99.11,
19.34,-99.12,
19.45,-99.12,
19.42,-99.1,
-23.02,-43.3,
41.08,29.04,
41.07,28.69,
41.03,28.82,
41.99,12.25,
22.34,114.16,
19.35,-99.13,
19.31,-99.17,
41.14,29.05,
41.1,28.99,
41.92,12.39,
41.07,28.14,
41.04,28.77,
13.7,100.64,
22.28,114.22,
19.47,-99.16,
-33.92,18.4,
-34.05,18.82,
-33.88,18.52,
40.99,28.83,
41.9,12.55,
41.01,29.05,
19.39,-99.14,
-33.97,18.38,
-33.95,151.08,
41.02,29.05,
13.87,100.61,
19.4,-99.19,
-33.83,18.5,
19.3,-99.11,
-34.09,18.85,
-34.1,18.47,
-34.13,18.43,
-33.96,18.47,
13.81,100.53,
13.71,100.46,
13.82,100.58,
22.32,114.19,
-34.08,18.48,
40.99,28.87,
41.97,12.53,
22.21,114.03,
19.27,-99.16,
19.34,-99.22,
19.38,-99.12,
19.44,-99.12,
19.47,-99.08,
19.45,-99.19,
19.38,-99.02,
-33.87,18.53,
-33.84,18.55,
-33.83,151.17,
-33.93,151.03,
40.99,28.85,
41.02,28.87,
40.97,29.13,
41.88,12.58,
41.91,12.57,
41.85,12.42,
41.87,12.59,
42.0,12.5,
41.94,12.54,
41.93,12.57,
19.45,-99.11,
-34.04,18.76,
-22.9,-43.68,
-22.8,-43.17,
48.85,2.43,
-34.13,18.45,
-22.8,-43.2,
-33.82,151.16,
-33.78,151.09,
40.88,29.2,
22.3,114.02,
-23.03,-43.46,
-33.69,151.11,
41.16,29.04,
19.35,-99.25,
-33.93,18.39,
-33.94,18.38,
-33.76,150.71,
41.0,29.04,
-22.94,-43.24,
19.45,-99.21,
22.38,114.19,
19.51,-99.14,
-33.72,151.12,
22.38,114.27,
19.34,-99.17,
-33.95,18.39,
-34.11,18.82,
-34.04,151.1,
41.01,28.54,
41.85,12.49,
19.38,-99.19,
19.41,-99.07,
19.42,-99.09,
-34.02,18.42,
-33.86,18.66,
-23.0,-43.27,
-22.93,-43.34,
41.02,29.12,
41.83,12.49,
19.38,-99.08,
19.35,-99.17,
19.42,-99.07,
19.31,-99.18,
41.14,29.04,
41.78,12.49,
19.37,-99.16,
-34.05,18.83,
22.29,114.03,
-33.94,18.4,
-33.99,18.47,
-33.97,18.37,
-33.87,18.5,
-34.04,151.12,
19.44,-99.1,
-34.09,18.47,
-34.07,151.15,
41.94,12.58,
41.91,12.4,
41.81,12.45,
22.53,114.12,
19.45,-99.06,
-33.98,18.47,
-34.2,18.46,
-33.71,18.44,
-33.95,18.47,
-22.84,-43.38,
-33.61,151.33,
41.92,12.67,
19.31,-99.16,
19.37,-99.26,
19.46,-99.14,
19.36,-99.17,
-33.88,18.62,
-34.0,151.14,
19.4,-99.07,
19.28,-99.14,
-34.08,18.86,
-34.19,18.43,
-22.82,-43.2,
-22.97,-43.37,
19.36,-99.19,
-34.01,18.35,
-33.8,18.48,
-34.18,18.42,
-34.02,151.07,
19.42,-99.21,
19.39,-99.13,
-33.86,18.56,
-33.87,18.65,
-33.85,18.49,
-33.84,18.69,
-33.85,18.66,
-34.07,18.86,
-33.74,151.21,
-33.78,151.0,
-34.1,18.49,
-34.2,18.44,
-33.78,151.2,
-33.77,151.15,
41.03,28.93,
40.94,29.14,
41.86,12.56,
48.84,2.43,
41.93,12.4,
41.85,12.5,
19.46,-99.1,
19.29,-99.16,
-34.15,18.86,
-34.03,18.45,
-33.81,18.49,
-33.79,151.24,
41.96,12.41,
-34.05,18.35,
-33.78,151.13,
41.79,12.45,
-34.15,18.85,
-33.86,18.68,
-33.89,18.61,
-33.88,18.64,
-33.89,18.69,
-22.97,-43.58,
-22.91,-43.28,
40.97,29.07,
41.03,29.11,
41.01,28.89,
41.92,12.56,
-33.86,18.64,
-23.0,-43.34,
41.01,28.68,
41.0,29.09,
41.86,12.44,
41.74,12.38,
22.54,114.12,
-33.82,18.64,
-33.99,18.5,
-34.07,18.58,
-22.99,-43.27,
-22.82,-43.18,
41.01,28.79,
41.03,29.06,
40.97,29.09,
41.04,29.27,
41.06,28.85,
41.09,28.94,
42.0,12.48,
48.82,2.42,
22.3,113.95,
-33.98,18.46,
-22.87,-43.34,
-22.75,-43.11,
-22.93,-43.22,
-33.85,151.06,
41.05,28.77,
41.03,29.04,
40.98,28.72,
41.09,29.1,
41.95,12.48,
41.86,12.4,
41.98,12.49,
41.73,12.38,
41.84,12.6,
41.9,12.57,
41.82,12.44,
-33.94,18.47,
-33.64,151.32,
40.82,29.31,
41.99,12.4,
41.85,12.57,
-33.76,150.72,
19.48,-99.1,
-33.93,18.73,
41.76,12.36,
13.78,100.55,
22.27,114.0,
19.26,-99.16,
-34.05,18.34,
-33.89,18.6,
-33.76,151.26,
40.98,28.85,
41.85,12.44,
42.06,12.49,
41.99,12.49,
22.24,114.16,
19.34,-99.14,
-33.6,151.33,
-33.97,151.11,
41.07,29.02,
-34.15,18.44,
22.39,114.27,
22.35,114.06,
-34.05,18.46,
41.82,12.48,
41.97,12.4,
13.66,100.64,
41.77,12.37,
41.95,12.53,
41.95,12.52,
41.79,12.36,
41.82,12.45,
41.86,12.63,
13.75,100.64,
22.3,114.19,
19.41,-99.14,
19.33,-99.14,
19.3,-99.04,
19.41,-99.12,
-33.97,18.49,
-34.06,18.51,
-33.88,18.7,
-34.02,18.46,
-33.83,18.51,
-33.88,151.01,
41.16,29.05,
40.99,29.11,
41.83,12.57,
41.93,12.49,
41.84,12.45,
41.91,12.59,
41.86,12.46,
41.93,12.62,
41.8,12.43,
41.79,12.39,
19.46,-99.12,
-33.62,151.32,
-34.05,151.13,
22.31,114.01,
19.4,-99.13,
41.09,29.01,
40.93,29.29,
-33.79,151.14,
19.31,-99.22,
19.32,-99.22,
19.4,-99.08,
-33.8,18.5,
-33.67,151.29,
-33.73,151.01,
22.23,114.11,
22.33,114.17,
19.32,-99.12,
-22.92,-43.36,
-34.07,151.13,
19.28,-99.0,
19.37,-99.3,
-33.63,151.34,
-33.68,151.32,
-34.06,150.69,
40.97,29.06,
-34.02,18.37,
-34.13,18.34,
-33.8,151.04,
-34.14,18.85,
-22.88,-43.34,
-34.07,151.16,
-33.74,151.28,
22.25,113.98,
22.27,114.18,
-34.06,18.43,
-33.87,18.63,
-34.1,18.83,
-34.13,18.38,
41.12,29.01,
19.46,-99.17,
-34.12,18.46,
-33.87,18.66,
-34.07,18.85,
-33.64,151.31,
-33.82,151.05,
40.89,29.35,
41.78,12.37,
-34.16,18.43,
-34.01,18.34,
-34.16,18.86,
-34.04,18.37,
-33.83,18.72,
-33.75,150.7,
-33.62,151.34,
41.85,12.64,
48.88,2.27,
22.39,114.2,
19.3,-99.17,
19.47,-99.19,
-34.13,18.83,
-34.1,18.37,
-34.09,18.82,
-22.97,-43.22,
-33.96,151.24,
19.45,-99.22,
19.32,-99.13,
-34.05,18.43,
-33.97,18.65,
-33.87,18.68,
-33.78,150.68,
-33.89,151.29,
41.0,29.1,
19.43,-99.09,
40.89,29.26,
40.86,29.3,
41.85,12.68,
-33.73,18.44,
-33.94,18.44,
-34.14,18.38,
19.45,-99.17,
-33.82,18.68,
-34.11,18.39,
-33.96,18.49,
41.09,29.04,
40.99,29.13,
13.79,100.58,
19.29,-99.0,
-33.96,18.39,
-33.72,18.51,
-34.04,18.45,
-34.09,18.81,
-34.15,18.43,
-33.82,151.22,
40.94,29.11,
41.0,28.85,
13.77,100.55,
48.83,2.26,
13.76,100.51,
19.3,-99.22,
40.9,29.2,
41.04,28.68,
-33.9,18.48,
41.8,12.47,
22.3,114.27,
41.0,28.94,
22.51,114.07,
-33.83,18.65,
-33.81,150.98,
-34.01,151.11,
40.87,29.13,
41.09,29.05,
41.08,28.99,
41.97,12.43,
41.92,12.43,
22.44,114.05,
22.27,114.19,
22.28,114.14,
-33.81,18.48,
41.08,29.02,
-22.94,-43.34,
-33.89,18.58,
-34.02,18.39,
-22.97,-43.5,
-22.85,-43.32,
13.71,100.4,
22.32,114.18,
-23.01,-43.49,
-23.0,-43.48,
-33.88,150.98,
40.98,28.73,
41.96,12.53,
19.4,-99.06,
19.29,-99.12,
-22.92,-43.38,
19.35,-99.12,
-22.94,-43.16,
-22.86,-43.55,
40.95,29.1,
40.99,29.06,
41.94,12.43,
19.49,-99.21,
-22.91,-43.16,
41.03,28.65,
41.0,29.15,
40.99,28.71,
40.9,29.16,
41.02,29.04,
40.97,28.66,
41.9,12.41,
41.96,12.44,
19.29,-99.06,
-33.93,18.7,
-33.73,151.13,
19.33,-99.21,
19.38,-99.13,
19.45,-99.13,
19.28,-99.22,
-34.14,18.91,
-33.84,18.68,
-34.08,150.79,
-33.73,151.12,
41.0,29.05,
41.92,12.4,
41.86,12.64,
41.83,12.39,
22.52,114.19,
-33.89,18.49,
-22.8,-43.21,
-22.84,-43.32,
-23.01,-43.39,
-22.87,-43.55,
40.98,28.87,
41.03,29.08,
41.02,29.19,
41.05,28.92,
41.91,12.39,
41.88,12.55,
41.98,12.56,
19.51,-99.15,
-33.86,18.69,
-33.8,18.47,
-22.96,-43.41,
41.01,29.14,
41.88,12.36,
22.22,113.91,
19.34,-99.21,
-33.77,150.82,
-34.2,18.37,
-33.97,18.46,
-33.77,151.27,
19.37,-99.29,
-33.96,18.37,
-22.81,-43.19,
41.1,29.0,
41.01,29.11,
22.33,114.15,
-33.74,151.07,
40.98,29.26,
40.95,29.11,
41.84,12.52,
41.12,29.0,
40.99,29.08,
41.88,12.44,
41.01,29.08,
-34.21,18.46,
-34.2,18.4,
41.04,29.05,
41.03,29.09,
19.52,-99.16,
-34.04,18.44,
-33.74,150.94,
-33.91,150.93,
41.94,12.6,
-34.02,18.47,
-34.02,18.35,
40.98,28.86,
41.01,28.84,
19.28,-99.13,
-22.87,-43.3,
40.92,29.29,
41.04,29.04,
13.7,100.55,
19.42,-99.11,
-34.1,18.36,
-33.91,18.68,
-33.8,151.06,
42.03,12.37,
41.87,12.65,
13.73,100.5,
13.7,100.48,
22.33,114.21,
22.36,114.13,
19.19,-99.02,
-34.1,18.86,
-22.96,-43.36,
-22.84,-43.3,
-23.02,-43.54,
41.14,29.13,
41.0,28.71,
41.08,29.05,
40.92,29.28,
13.77,100.63,
13.81,100.67,
41.0,28.8,
13.76,100.47,
13.77,100.6,
13.7,100.52,
-33.94,18.46,
41.95,12.51,
13.71,100.52,
-22.88,-43.28,
41.05,28.94,
41.83,12.48,
-22.88,-43.26,
41.03,28.77,
41.06,28.79,
41.04,28.79,
-22.93,-43.21,
40.99,29.09,
13.66,100.65,
41.1,28.77,
40.91,29.19,
40.99,28.84,
13.67,100.64,
22.26,114.19,
41.0,28.84,
40.88,29.23,
22.34,114.15,
19.49,-99.22,
-33.93,151.19,
22.27,114.16,
48.84,2.42,
40.94,29.15,
19.41,-99.1,
40.87,29.23,
41.06,29.03,
41.83,12.5,
40.9,29.22,
41.01,28.83,
41.02,28.67,
41.04,28.83,
-33.81,151.25,
40.97,29.12,
41.98,12.5,
48.9,2.4,
22.22,113.99,
22.29,114.16,
41.06,28.66,
-33.67,151.32,
-33.76,150.91,
40.88,29.07,
41.0,29.2,
41.11,28.66,
22.23,114.12,
41.04,28.64,
41.02,28.69,
-22.98,-43.69,
41.0,28.67,
41.11,29.02,
13.74,100.63,
41.0,29.11,
41.0,29.21,
41.01,29.19,
-22.82,-43.17,
22.29,113.95,
22.29,114.21,
-22.85,-43.31,
40.86,29.34,
41.02,28.68,
-33.86,18.49,
22.31,114.22,
22.28,114.23,
41.01,28.87,
41.1,28.76,
41.02,28.96,
40.98,29.04,
-22.93,-43.39,
-33.93,150.92,
41.04,28.66,
19.41,-99.13,
-23.0,-43.25,
41.07,28.66,
-22.99,-43.4,
41.07,29.06,
13.86,100.62,
13.68,100.59,
13.78,100.5,
41.96,12.45,
-22.84,-43.4,
41.14,29.86,
40.98,28.71,
40.97,29.11,
41.84,12.49,
-22.94,-43.21,
19.34,-99.24,
41.77,12.35,
-22.8,-43.32,
-22.94,-43.57,
13.82,100.63,
-33.8,18.51,
-33.9,18.5,
-22.96,-43.35,
-22.86,-43.25,
41.0,28.69,
41.79,12.42,
19.4,-99.25,
19.33,-99.12,
-33.79,150.95,
40.98,29.11,
41.86,12.42,
13.69,100.62,
19.37,-99.2,
19.49,-99.14,
19.29,-99.19,
19.35,-99.27,
41.73,12.36,
-33.94,18.51,
-33.72,18.44,
-33.94,151.14,
41.09,28.99,
41.05,28.83,
41.08,28.71,
41.85,12.56,
41.0,28.63,
41.0,29.02,
19.45,-99.18,
-33.84,18.54,
41.12,29.05,
19.44,-99.09,
40.93,29.14,
41.05,28.95,
41.92,12.37,
19.28,-99.21,
41.04,28.76,
13.87,100.62,
-22.85,-43.26,
41.79,12.41,
19.43,-99.23,
19.4,-99.24,
-33.98,18.44,
19.41,-99.2,
19.47,-99.11,
19.41,-99.24,
-34.01,18.47,
41.12,29.04,
-34.15,18.32,
41.12,29.07,
19.42,-99.23,
41.84,12.54,
19.42,-99.22,
19.39,-99.1,
19.46,-99.2,
13.72,100.45,
41.07,29.01,
41.04,29.07,
-34.03,18.35,
13.83,100.62,
-33.82,18.51,
48.82,2.31,
22.53,114.11,
41.93,12.37,
22.2,114.03,
22.54,114.11,
-34.14,18.44,
41.85,12.46,
22.4,113.97,
41.08,28.79,
41.08,28.94,
41.03,28.84,
40.98,29.06,
42.02,12.48,
-34.2,18.42,
40.96,28.83,
41.03,29.01,
42.12,12.32,
41.82,12.35,
13.9,100.58,
22.34,114.11,
-34.03,18.53,
-34.08,18.55,
40.98,29.13,
13.73,100.51,
13.74,100.51,
-22.82,-43.19,
41.18,29.61,
41.11,28.78,
41.82,12.32,
13.89,100.58,
22.31,114.19,
22.43,114.0,
41.0,28.79,
13.77,100.49,
13.8,100.64,
22.29,114.17,
-33.92,18.45,
-33.71,151.29,
41.91,12.43,
41.82,12.31,
13.81,100.52,
13.76,100.52,
22.24,113.98,
19.48,-99.15,
19.5,-99.09,
-33.8,18.52,
41.19,28.75,
41.05,28.82,
40.96,29.08,
-33.87,18.51,
-22.83,-43.33,
41.0,28.61,
42.12,12.33,
41.0,28.86,
-33.85,18.69,
-34.02,18.48,
41.92,12.28,
19.41,-99.08,
40.99,29.24,
19.32,-99.24,
19.47,-99.17,
-33.86,151.09,
41.81,12.48,
-34.15,18.87,
19.4,-99.09,
19.24,-99.15,
-33.89,18.5,
-34.04,18.47,
41.0,28.6,
-33.89,18.7,
19.44,-99.08,
-34.14,18.87,
19.48,-99.12,
42.01,12.37,
22.44,114.06,
-33.88,18.57,
19.26,-99.17,
-33.89,151.07,
41.11,28.8,
-23.06,-43.57,
41.17,29.06,
41.85,12.38,
13.72,100.73,
41.86,12.39,
22.53,114.08,
13.79,100.49,
40.93,29.31,
13.74,100.75,
-34.17,18.85,
41.91,12.56,
41.91,12.29,
13.79,100.54,
41.05,29.08,
41.0,29.14,
13.83,100.68,
-33.86,18.5,
-34.12,18.84,
41.9,12.69,
40.99,29.12,
13.75,100.52,
19.42,-99.08,
-33.79,18.51,
41.1,29.09,
40.98,28.74,
13.73,100.64,
-33.78,18.58,
-34.0,18.43,
19.35,-99.14,
19.33,-99.27,
22.55,114.19,
22.55,114.2,
19.32,-99.15,
41.9,12.56,
13.76,100.61,
41.06,28.91,
41.03,29.17,
-34.14,18.36,
41.85,12.73,
19.42,-99.2,
19.28,-99.16,
-34.01,18.45,
-33.9,18.51,
-33.84,151.07,
-33.93,151.22,
40.97,29.1,
-22.79,-43.19,
-33.92,151.11,
-33.92,151.22,
19.33,-99.17,
19.36,-99.26,
-33.98,18.48,
-34.03,18.38,
-34.2,18.43,
-33.84,151.14,
41.06,28.72,
41.06,28.7,
13.79,100.63,
41.94,12.44,
13.82,100.56,
-34.04,151.07,
-33.76,151.25,
13.78,100.67,
22.52,114.07,
-34.09,18.45,
41.13,29.04,
41.08,28.92,
41.01,28.61,
41.86,12.58,
13.67,100.55,
13.66,100.5,
22.52,114.08,
19.4,-99.1,
19.38,-99.21,
40.82,29.3,
41.83,12.56,
19.23,-99.12,
-34.0,18.46,
-22.81,-43.21,
-33.84,18.65,
-22.82,-43.28,
41.97,12.41,
13.78,100.6,
13.78,100.56,
-33.83,151.02,
-34.1,18.39,
13.72,100.6,
19.3,-99.13,
-33.97,18.5,
41.97,12.54,
13.83,100.54,
19.31,-99.26,
13.93,100.59,
13.72,100.74,
-33.94,151.13,
42.0,12.42,
13.93,100.58,
41.04,28.81,
13.72,100.61,
19.34,-99.04,
-34.21,18.45,
-33.87,18.54,
41.9,12.68,
13.7,100.65,
13.7,100.47,
22.34,114.18,
-34.1,18.84,
-33.9,18.49,
-22.91,-43.38,
22.55,114.24,
22.27,113.99,
13.72,100.62,
13.81,100.72,
13.71,100.55,
13.72,100.65,
13.71,100.63,
13.78,100.53,
13.8,100.56,
-33.84,18.67,
41.05,29.03,
-33.81,151.0,
13.74,100.48,
13.75,100.49,
13.75,100.48,
13.7,100.42,
-22.9,-43.19,
-33.95,151.14,
13.92,100.65,
-33.92,18.53,
13.76,100.48,
13.74,100.47,
-34.04,18.43,
13.79,100.47,
13.69,100.53,
-34.02,18.45,
-34.14,18.34,
13.81,100.64,
-33.85,18.51,
13.86,100.58,
-22.93,-43.27,
-33.7,150.97,
41.01,29.02,
41.74,12.5,
-33.88,18.61,
40.98,28.78,
40.98,29.08,
19.36,-99.06,
-22.9,-43.28,
-22.95,-43.26,
40.91,29.14,
41.79,12.5,
41.0,29.06,
42.04,12.47,
13.84,100.59,
-33.89,18.57,
-33.81,18.66,
-33.91,18.69,
-33.87,151.15,
19.45,-99.1,
13.76,100.63,
-33.84,18.66,
-33.89,18.62,
-33.86,18.65,
-22.89,-43.19,
41.75,12.37,
13.67,100.54,
-33.83,150.99,
-33.97,18.54,
-22.95,-43.32,
-33.78,151.06,
40.9,29.18,
41.01,28.92,
41.08,28.95,
-33.93,151.06,
-33.99,151.15,
48.82,2.46,
-33.83,18.49,
40.98,29.09,
41.01,28.82,
40.93,29.12,
41.78,12.31,
-33.86,18.63,
13.79,100.62,
19.29,-99.23,
-33.69,151.1,
13.83,100.52,
13.8,100.59,
-34.05,18.45,
-33.97,18.55,
-33.92,151.14,
41.97,12.46,
-33.86,151.27,
-33.98,18.5,
-33.94,151.16,
41.1,28.98,
41.84,12.43,
-33.81,151.26,
-33.91,151.09,
-33.75,151.24,
-33.84,151.18,
-33.81,150.99,
41.07,28.72,
40.93,29.21,
40.99,28.79,
41.07,29.03,
-33.91,18.56,
41.04,28.84,
41.0,28.81,
-33.82,18.49,
41.19,28.9,
-33.98,18.53,
-22.92,-43.55,
41.0,29.19,
41.08,28.89,
41.06,29.16,
13.72,100.78,
42.01,12.47,
13.72,100.35,
-34.04,18.46,
41.03,28.81,
41.17,29.61,
13.73,100.48,
13.71,100.42,
-34.01,18.48,
41.04,28.88,
41.03,29.23,
19.49,-99.2,
19.35,-99.2,
22.31,114.25,
22.37,114.0,
22.54,114.1,
19.27,-99.17,
19.37,-99.22,
-33.88,18.66,
-33.93,18.52,
-33.9,18.54,
41.05,29.05,
41.04,28.63,
-33.99,151.07,
40.92,29.13,
41.06,28.68,
41.91,12.58,
41.83,12.46,
42.06,12.29,
41.02,28.59,
41.93,12.54,
40.87,29.12,
42.04,12.56,
13.78,100.75,
-33.95,151.05,
-34.01,151.06,
41.87,12.63,
-33.95,18.71,
41.95,12.42,
41.1,29.05,
40.82,29.32,
-22.98,-43.47,
19.31,-99.21,
19.47,-99.2,
41.19,28.88,
19.44,-99.11,
41.03,29.02,
41.87,12.5,
-34.08,18.47,
40.99,29.07,
-33.55,151.23,
19.31,-99.13,
19.29,-99.14,
19.31,-99.23,
-34.02,151.06,
41.87,12.4,
-33.86,18.58,
-33.92,18.56,
40.88,29.21,
-33.87,151.16,
-33.77,150.79,
22.29,114.28,
-33.88,18.6,
22.23,113.96,
22.32,114.22,
41.82,12.51,
13.88,100.55,
22.23,113.95,
-33.79,18.58,
19.45,-99.09,
-23.06,-43.56,
48.85,2.44,
19.5,-99.15,
-33.75,151.15,
40.87,29.32,
-33.85,151.11,
40.95,29.09,
-33.9,151.1,
41.87,12.7,
19.35,-99.1,
-33.76,151.15,
-34.03,151.06,
-33.98,151.14,
19.41,-99.23,
-22.87,-43.6,
-33.8,150.97,
41.0,28.54,
41.85,12.58,
40.96,29.07,
19.36,-99.23,
13.75,100.51,
-33.96,151.09,
41.11,28.77,
40.97,28.65,
-33.96,151.13,
13.61,100.51,
-33.93,18.53,
41.02,28.84,
-33.9,151.28,
41.08,28.69,
40.98,28.65,
19.47,-99.14,
19.3,-99.07,
-34.08,18.87,
41.0,28.77,
41.0,28.76,
-33.89,18.67,
41.0,28.95,
-33.71,151.11,
13.74,100.46,
22.33,114.18,
-33.71,18.45,
-22.89,-43.59,
41.01,29.04,
41.02,28.85,
41.97,12.52,
13.84,100.56,
22.29,113.94,
19.37,-99.24,
19.35,-99.23,
-34.06,150.82,
-33.89,150.95,
-33.85,18.55,
-22.8,-43.19,
22.37,114.18,
19.39,-99.09,
19.51,-99.16,
-33.91,18.48,
-33.75,150.69,
41.02,28.9,
41.07,28.77,
22.31,114.16,
19.48,-99.13,
-34.17,18.42,
40.99,28.78,
19.36,-99.25,
40.98,29.1,
-33.7,151.31,
-22.92,-43.2,
-33.78,150.94,
41.01,29.18,
22.29,114.01,
-34.2,18.38,
-34.08,151.15,
-33.76,150.69,
19.3,-99.16,
40.98,28.79,
19.36,-99.07,
-34.11,18.46,
22.31,114.26,
19.42,-99.12,
19.5,-99.19,
-22.9,-43.27,
41.05,28.93,
13.82,100.59,
-33.81,18.46,
-34.14,18.42,
41.03,28.83,
41.03,28.87,
-34.1,18.81,
41.09,29.06,
41.07,28.71,
-33.85,18.7,
-33.84,150.99,
40.98,29.15,
22.41,113.98,
13.8,100.5,
-33.87,18.49,
41.86,12.67,
-33.95,18.42,
41.77,12.36,
-22.86,-43.48,
-33.81,151.3,
-33.75,18.44,
-33.69,18.45,
40.97,29.04,
-34.01,18.44,
41.04,28.94,
41.09,28.98,
41.94,12.56,
19.31,-99.19,
22.3,114.14,
-33.84,151.11,
41.9,12.39,
41.74,12.35,
-33.89,18.56,
41.95,12.46,
-33.92,18.6,
-33.74,151.29,
-34.19,18.38,
41.15,29.05,
41.18,28.88,
-34.14,18.9,
-34.16,18.88,
-33.68,18.45,
41.78,12.33,
41.19,28.73,
41.83,12.44,
41.01,28.81,
22.22,114.11,
-33.95,18.72,
-33.84,18.51,
41.07,28.97,
41.14,29.1,
-33.84,151.04,
-22.98,-43.67,
19.33,-99.1,
-23.07,-43.57,
40.83,29.3,
-33.82,18.67,
19.46,-99.05,
-33.87,18.57,
41.82,12.64,
-33.87,18.61,
41.97,12.55,
41.06,29.06,
-33.92,18.5,
41.2,28.73,
19.33,-99.29,
13.79,100.6,
41.84,12.61,
19.33,-99.28,
41.83,12.73,
41.01,28.9,
-33.86,18.67,
41.0,29.12,
41.07,28.84,
40.99,28.93,
-34.02,18.38,
41.05,29.24,
41.13,28.79,
41.03,28.45,
40.93,29.13,
-33.87,18.58,
41.07,28.92,
13.67,100.53,
-34.13,18.39,
19.21,-99.12,
13.79,100.71,
48.81,2.35,
40.91,29.18,
13.76,100.49,
41.85,12.6,
19.37,-99.28,
13.77,100.5,
13.71,100.44,
13.78,100.52,
19.37,-99.23,
-34.0,18.5,
-34.13,18.4,
42.07,12.34,
13.67,100.63,
41.9,12.4,
41.93,12.38,
42.01,12.52,
13.73,100.75,
13.67,100.46,
19.28,-99.2,
41.04,28.9,
22.29,114.04,
41.79,12.53,
41.95,12.41,
41.88,12.35,
-33.66,18.81,
-22.88,-43.53,
41.86,12.6,
13.8,100.62,
22.31,114.23,
40.91,29.22,
-33.64,151.29,
22.28,114.04,
22.23,113.93,
19.49,-99.13,
41.02,29.07,
-34.05,18.85,
42.02,12.4,
-33.87,18.59,
19.31,-99.12,
19.41,-99.09,
19.45,-99.07,
-34.0,18.45,
-33.62,151.33,
19.32,-99.11,
13.68,100.46,
19.27,-99.1,
40.99,28.6,
-34.11,18.37,
-23.0,-43.28,
41.0,29.13,
19.35,-99.31,
19.39,-99.2,
19.27,-99.18,
19.47,-99.12,
13.76,100.64,
-34.04,151.13,
41.1,29.01,
19.3,-99.02,
-34.07,18.41,
41.06,28.3,
41.86,12.66,
13.77,100.62,
41.16,29.75,
41.74,12.3,
41.94,12.63,
-22.94,-43.37,
41.89,12.58,
19.33,-99.16,
-34.07,18.88,
19.39,-99.12,
41.06,28.92,
41.11,29.0,
-33.94,18.48,
41.02,28.77,
19.32,-99.1,
19.43,-99.08,
-23.0,-43.24,
-33.84,151.19,
13.86,100.64,
19.5,-99.14,
-33.76,18.44,
-22.89,-43.4,
41.32,28.6,
19.37,-99.21,
19.38,-99.24,
-34.06,18.44,
-33.88,18.5,
19.5,-99.2,
-33.99,18.49,
-33.77,151.11,
19.32,-99.14,
19.5,-99.12,
19.5,-99.13,
-34.19,18.44,
-34.02,18.34,
41.76,12.31,
40.99,29.1,
-34.12,18.38,
19.33,-99.22,
-34.03,18.41,
19.32,-99.16,
41.85,12.45,
41.82,12.47,
22.29,114.27,
40.99,28.68,
-22.97,-43.49,
41.19,29.05,
41.86,12.51,
41.11,28.79,
19.39,-99.25,
41.86,12.61,
-34.16,18.42,
13.79,100.51,
-34.05,18.76,
-33.71,150.84,
-33.75,151.22,
-33.76,150.88,
40.97,28.74,
41.03,28.96,
41.98,12.55,
-34.06,18.88,
-34.08,150.83,
13.86,100.65,
13.71,100.65,
13.82,100.68,
-33.74,18.45,
-33.83,151.26,
-33.78,151.25,
-33.78,150.82,
-33.98,150.82,
13.81,100.61,
13.86,100.59,
-22.83,-43.27,
-33.78,151.14,
40.82,29.28,
41.03,29.1,
41.07,28.96,
-33.96,150.9,
-34.01,150.86,
-33.7,150.9,
13.71,100.49,
-34.01,18.43,
-33.96,151.02,
-33.54,151.24,
-33.78,151.26,
19.35,-99.21,
-34.06,151.14,
41.18,28.91,
-33.75,151.23,
-33.75,151.25,
13.65,100.64,
-33.76,151.17,
19.29,-99.04,
13.88,100.62,
-33.78,150.9,
-33.99,18.44,
-33.81,151.23,
-33.89,151.11,
41.09,28.78,
41.85,12.53,
13.86,100.71,
22.32,114.21,
41.25,29.04,
-33.83,150.96,
41.06,29.05,
41.04,28.85,
41.11,29.15,
41.15,29.04,
41.88,12.65,
41.13,29.09,
41.2,29.03,
41.11,29.13,
41.07,28.13,
41.04,28.51,
41.66,12.42,
13.7,100.62,
13.73,100.61,
-34.08,18.43,
-22.93,-43.38,
-33.8,151.3,
-33.82,150.93,
-34.01,151.08,
-33.76,151.07,
-33.79,151.07,
-33.88,151.08,
41.12,29.13,
40.98,29.12,
41.77,12.55,
22.3,114.16,
19.41,-99.06,
-33.95,150.87,
-33.92,150.85,
41.05,29.07,
41.02,28.7,
-33.86,18.54,
-22.98,-43.38,
-23.03,-43.51,
-34.03,151.09,
41.29,28.6,
41.78,12.57,
19.38,-99.22,
41.18,29.35,
41.27,28.64,
-33.78,150.8,
-33.86,151.14,
-33.74,151.1,
-33.89,150.91,
-33.78,151.08,
41.99,12.56,
-22.87,-43.25,
-33.78,151.17,
41.21,29.41,
40.94,29.38,
13.73,100.46,
-33.81,151.03,
41.1,29.11,
41.92,12.54,
41.88,12.39,
-33.62,150.91,
-33.73,151.26,
19.3,-99.23,
-22.92,-43.37,
-33.8,151.24,
-33.77,151.07,
-33.65,151.3,
-33.76,151.21,
41.18,28.41,
-22.98,-43.25,
-33.85,150.99,
41.76,12.3,
41.96,12.54,
13.8,100.65,
19.47,-99.18,
-34.12,18.43,
-22.99,-43.5,
-22.88,-43.41,
-22.86,-43.36,
-33.8,151.09,
-34.05,150.82,
-33.95,150.9,
40.94,29.33,
41.98,12.54,
-33.85,18.5,
-34.08,18.84,
-33.92,18.63,
-33.92,18.49,
-34.03,18.42,
-34.01,18.41,
-34.05,18.37,
-34.11,18.38,
-33.97,18.45,
-34.05,18.44,
-34.1,18.87,
-34.0,18.44,
-33.68,18.6,
-34.01,18.37,
-34.1,18.38,
-34.02,18.43,
-33.8,18.53,
-34.07,18.89,
-33.94,18.39,
-34.01,18.4,
-33.94,18.37,
-34.04,18.83,
-34.08,18.44,
-34.09,18.44,
-34.01,18.42,
-34.03,18.44,
-33.8,18.49,
-34.07,18.42,
-34.03,18.37,
-34.01,18.36,
-33.94,18.52,
-34.0,18.48,
-33.93,18.49,
-33.79,18.45,
-34.07,18.51,
22.27,113.94,
-23.03,-43.5,
-22.96,-43.65,
-34.01,150.73,
-33.88,151.12,
-34.05,151.1,
-33.79,150.97,
41.12,29.22,
41.05,29.06,
19.44,-99.23,
-33.67,151.02,
-33.68,151.04,
13.81,100.54,
13.82,100.54,
-22.89,-43.58,
-22.92,-43.41,
-22.87,-43.42,
-33.88,151.04,
41.11,29.14,
41.81,12.63,
19.24,-99.16,
19.3,-99.15,
-33.73,18.45,
-33.73,150.7,
-33.6,151.12,
-33.76,150.99,
-34.04,150.74,
-33.71,151.09,
-33.72,150.99,
-33.77,151.13,
41.18,29.09,
41.83,12.42,
41.83,12.41,
41.87,12.41,
41.82,12.46,
-33.82,150.97,
-33.98,150.81,
-33.63,150.94,
-33.74,150.71,
-34.08,151.13,
41.17,29.58,
-22.97,-43.24,
-34.07,150.78,
-34.06,150.71,
-33.95,150.85,
-33.6,151.3,
-33.46,151.08,
-33.62,151.2,
-34.08,150.67,
-33.51,151.18,
-33.54,151.15,
-22.77,-43.11,
-34.08,151.16,
-33.83,151.18,
-33.81,150.96,
-34.09,151.14,
-34.05,150.76,
-33.67,150.68,
-33.8,151.16,
-33.87,18.55,
-33.68,151.1,
-33.75,150.96,
40.98,28.61,
13.71,100.7,
-33.88,18.54,
-34.07,18.83,
-22.96,-43.27,
-33.75,150.76,
-33.76,151.08,
-34.09,151.15,
41.05,29.09,
41.79,12.57,
-33.8,18.57,
-34.18,18.36,
-34.12,18.37,
-34.15,18.42,
-33.94,18.49,
-33.86,18.55,
-33.82,18.74,
-34.19,18.37,
-34.21,18.41,
-33.84,18.52,
13.85,100.61,
19.34,-99.23,
19.32,-99.29,
-23.0,-43.3,
-33.69,150.96,
-34.07,150.8,
19.29,-99.22,
-34.1,18.92,
-33.9,18.65,
-34.04,151.11,
13.94,100.62,
-34.11,18.85,
-22.99,-43.56,
-34.09,151.16,
-33.6,151.32,
-33.91,18.51,
-33.77,150.76,
19.37,-99.1,
-33.87,150.99,
-33.79,151.05,
-33.79,151.16,
41.72,12.32,
22.29,114.22,
-34.12,18.39,
-34.02,18.63,
-23.02,-43.55,
-33.77,150.77,
-33.73,150.86,
-33.41,150.96,
-33.82,151.12,
41.11,28.38,
19.29,-99.15,
-33.86,18.53,
-34.18,18.41,
-33.94,150.96,
-33.85,151.04,
-33.95,151.02,
42.0,12.38,
-34.04,18.82,
-23.0,-43.5,
-33.61,151.1,
40.98,28.6,
19.33,-99.18,
19.48,-99.18,
-22.99,-43.3,
13.79,100.78,
13.75,100.68,
-34.07,18.52,
-33.95,18.51,
-22.93,-43.56,
-33.67,150.97,
-33.75,151.18,
42.07,12.36,
13.89,100.62,
-33.99,18.53,
-33.72,151.28,
-33.96,151.08,
-33.74,151.24,
13.82,100.62,
13.72,100.63,
-34.04,18.67,
-33.7,151.28,
41.01,29.1,
41.02,29.03,
22.25,114.15,
-34.0,150.75,
-33.79,150.96,
41.93,12.58,
41.87,12.36,
13.87,100.58,
41.74,12.37,
13.7,100.63,
22.33,114.26,
19.28,-99.15,
-33.83,18.69,
-34.08,18.46,
-33.86,18.62,
-34.14,18.84,
-33.95,18.49,
-33.69,150.94,
-33.78,150.97,
-33.78,151.21,
13.69,100.52,
13.77,100.64,
13.88,100.6,
-33.79,18.49,
-33.98,151.09,
13.67,100.62,
-33.84,151.17,
-34.15,18.9,
-33.8,151.11,
-34.0,151.13,
13.81,100.7,
13.81,100.71,
-33.83,18.67,
-33.74,151.19,
-33.77,151.22,
-34.0,150.9,
40.92,29.21,
13.82,100.6,
-33.87,151.03,
-33.71,151.28,
13.83,100.67,
13.87,100.56,
-33.85,150.93,
-33.68,151.28,
-34.09,18.86,
-34.11,18.4,
-34.01,151.07,
-33.8,151.17,
-33.97,151.24,
-33.8,151.15,
41.78,12.5,
13.79,100.79,
13.92,100.58,
13.67,100.5,
13.67,100.67,
13.74,100.36,
13.83,100.64,
13.72,100.66,
22.45,114.0,
-33.81,18.5,
-33.67,151.09,
-33.71,150.95,
13.93,100.57,
-33.99,18.43,
-22.97,-43.48,
-22.99,-43.31,
41.76,12.32,
13.67,100.36,
13.83,100.58,
13.83,100.61,
22.43,114.08,
-33.79,18.5,
-33.86,150.95,
-33.87,151.12,
-33.74,151.22,
13.88,100.73,
13.88,100.74,
13.79,100.36,
-33.88,18.56,
-33.7,18.45,
-33.61,151.32,
-33.68,151.29,
-33.73,150.91,
41.03,28.64,
41.0,28.7,
19.51,-99.12,
-33.86,151.0,
-33.78,151.04,
41.21,29.01,
19.26,-99.12,
-22.84,-43.28,
41.09,28.65,
19.21,-99.17,
-33.96,151.0,
41.9,12.32,
-33.99,18.48,
-34.05,18.52,
41.06,28.9,
-33.74,150.96,
41.74,12.33,
13.83,100.55,
22.22,114.03,
22.38,114.18,
19.53,-99.15,
-34.0,151.07,
-33.84,151.28,
-33.88,18.55,
22.39,113.98,
-34.19,18.82,
-22.95,-43.38,
-33.72,151.1,
42.01,12.36,
41.88,12.38,
41.17,28.69,
-33.4,150.98,
22.23,114.25,
-22.97,-43.28,
-33.99,151.1,
40.98,28.63,
19.34,-99.03,
-34.13,18.33,
-33.81,151.27,
-33.63,151.28,
19.19,-99.01,
-34.04,18.51,
-22.98,-43.49,
-33.86,150.92,
-33.86,151.01,
-33.9,151.04,
41.17,29.63,
19.25,-99.16,
-33.9,18.42,
-33.98,150.85,
-33.95,151.19,
-33.94,151.19,
41.03,28.6,
41.88,12.83,
41.74,12.36,
22.35,114.25,
-22.97,-43.34,
-33.89,151.03,
41.02,28.6,
41.01,29.07,
-34.1,18.4,
-34.05,18.59,
-33.52,150.91,
41.22,29.02,
41.24,29.04,
41.18,29.0,
41.2,29.02,
41.21,29.02,
41.09,28.63,
41.08,29.09,
41.19,29.04,
-33.51,150.9,
41.11,29.21,
41.16,29.58,
41.07,28.62,
41.2,29.01,
41.29,28.43,
40.97,28.63,
41.06,28.51,
-22.98,-43.4,
41.04,28.43,
41.79,12.35,
13.78,100.69,
13.81,100.8,
19.47,-99.1,
-34.04,18.34,
-34.07,18.81,
-34.01,18.63,
-23.01,-43.63,
-22.98,-43.3,
-22.97,-43.29,
-22.99,-43.43,
-22.86,-43.26,
-33.84,151.25,
-33.78,151.24,
-33.59,151.3,
-33.79,150.94,
-33.66,151.29,
-33.94,151.02,
41.24,29.02,
41.98,12.35,
42.09,12.34,
41.85,12.52,
-33.83,18.73,
13.71,100.71,
-33.79,18.48,
-33.83,18.54,
-34.01,18.74,
-23.02,-43.52,
-22.9,-43.57,
-33.59,151.12,
41.05,28.69,
-34.19,18.36,
-34.04,150.73,
-33.88,18.53,
-34.15,18.39,
-33.9,18.57,
-22.98,-43.32,
-22.98,-43.58,
-22.97,-43.25,
-22.99,-43.45,
-34.01,151.09,
-33.73,151.29,
-33.7,151.12,
-33.76,151.05,
40.97,28.73,
40.86,29.12,
-34.05,18.84,
-22.99,-43.65,
-33.99,151.23,
-34.04,150.81,
22.48,114.11,
22.49,114.14,
19.31,-99.14,
-33.79,151.2,
41.16,28.92,
41.06,28.95,
41.14,29.19,
19.41,-99.25,
-22.89,-43.64,
-33.71,150.96,
41.16,29.61,
13.69,100.44,
-34.01,18.5,
-33.76,150.9,
41.04,28.7,
41.06,29.07,
-33.85,18.64,
-33.83,18.7,
-33.52,151.18,
13.76,100.44,
22.45,114.1,
22.31,114.24,
40.88,29.24,
41.12,29.64,
19.26,-99.01,
40.87,29.14,
-33.75,151.03,
13.8,100.61,
22.38,114.22,
22.37,113.99,
-34.11,18.94,
-33.75,18.45,
-34.04,18.42,
-33.72,151.17,
19.49,-99.12,
-33.84,18.49,
-34.06,18.46,
-33.92,18.68,
41.13,28.31,
41.93,12.55,
-34.13,18.85,
-34.02,151.05,
-33.73,151.08,
41.04,28.67,
19.47,-99.21,
-34.15,18.41,
-33.95,18.5,
41.08,28.96,
41.13,28.32,
42.0,12.37,
41.99,12.48,
-33.93,150.7,
41.99,12.39,
41.73,12.37,
-33.8,151.22,
-33.95,151.09,
41.09,29.91,
-33.63,151.07,
-33.95,151.15,
-33.85,18.65,
-33.75,151.13,
41.12,29.1,
41.09,29.08,
-34.09,18.39,
-33.92,18.69,
-33.9,18.62,
19.32,-99.25,
19.4,-99.2,
-34.08,150.78,
41.05,28.49,
22.39,114.3,
19.3,-99.24,
-33.5,150.87,
-33.94,151.1,
-33.81,18.68,
-33.76,151.2,
-33.67,151.11,
-34.02,151.12,
-34.0,151.12,
-33.88,150.9,
-22.99,-43.69,
-33.82,151.14,
-33.99,151.14,
-33.79,151.21,
-33.85,151.29,
-33.76,151.11,
-33.55,151.21,
-34.06,18.81,
-33.81,18.76,
-33.81,150.92,
42.0,12.43,
-23.03,-43.56,
-33.96,150.85,
-33.76,150.74,
-33.83,151.12,
-33.68,150.87,
41.21,28.72,
41.85,12.35,
19.26,-99.1,
-33.96,150.89,
-33.97,151.09,
-33.77,151.03,
22.37,114.26,
-33.62,151.21,
-33.42,150.92,
-33.75,150.93,
-33.81,151.07,
-34.01,151.2,
-33.79,150.74,
-34.24,18.47,
-22.93,-43.59,
-34.08,151.14,
-33.79,151.11,
-34.0,150.73,
19.38,-99.27,
-34.07,18.45,
-33.98,151.12,
-33.77,150.93,
-33.73,150.75,
-33.73,151.21,
-34.04,151.09,
-33.7,150.88,
-33.94,150.91,
-33.59,151.09,
-33.54,151.14,
-33.77,151.21,
-33.88,150.87,
-33.95,150.91,
-34.08,18.45,
-33.79,18.47,
-34.07,18.44,
-33.81,18.63,
-34.12,18.35,
-34.06,18.42,
-33.81,18.64,
-34.24,18.48,
-33.93,18.54,
-33.87,150.64,
-33.98,151.07,
-33.74,151.27,
-34.06,151.13,
-33.78,150.91,
-33.97,151.26,
-33.76,150.95,
-33.93,151.04,
19.49,-99.19,
-33.96,151.11,
41.77,12.34,
19.32,-99.32,
22.44,114.13,
-33.8,150.96,
-33.75,150.68,
19.31,-99.24,
-33.71,151.15,
-33.61,151.14,
13.73,100.69,
-33.74,151.04,
41.48,28.3,
13.67,100.51,
-33.77,151.18,
41.16,29.59,
13.68,100.69,
-33.95,151.16,
40.89,29.18,
40.94,29.29,
-33.83,18.64,
-33.78,151.18,
-33.74,151.15,
-33.71,150.97,
41.15,29.26,
-34.19,18.41,
-33.72,150.92,
-34.04,151.08,
-33.82,151.06,
-33.86,151.05,
-33.96,150.98,
-33.79,151.06,
41.93,12.56,
41.99,12.54,
-33.64,151.02,
-33.79,151.13,
13.82,100.64,
-34.13,18.91,
-34.14,18.88,
-33.98,150.9,
-33.77,151.0,
41.13,29.85,
40.98,28.8,
41.12,29.15,
41.13,29.82,
13.73,100.65,
13.95,100.61,
13.85,100.67,
13.71,100.81,
19.27,-99.13,
-33.87,18.67,
-33.95,18.61,
-33.76,151.14,
-33.79,150.69,
40.93,29.32,
41.01,29.12,
41.17,28.91,
41.2,29.07,
41.08,28.65,
41.07,28.91,
13.77,100.45,
19.49,-99.1,
-33.99,18.52,
-33.85,150.96,
-33.88,151.0,
41.01,28.91,
41.0,28.91,
13.89,100.59,
-33.87,151.08,
-33.95,151.12,
40.84,29.3,
41.03,28.69,
48.84,2.44,
13.65,100.5,
19.5,-99.21,
-33.87,18.56,
-34.0,18.72,
-22.97,-43.27,
-33.79,151.04,
41.08,28.93,
41.83,12.55,
42.06,12.46,
13.86,100.67,
-33.95,151.1,
-33.78,151.1,
41.24,29.05,
41.06,28.46,
41.73,12.47,
13.73,100.39,
22.43,114.03,
-22.82,-43.32,
-33.99,151.11,
-33.92,151.17,
-33.87,151.14,
41.03,28.8,
40.9,29.25,
41.98,12.42,
13.76,100.41,
13.63,100.44,
19.34,-99.31,
19.3,-99.25,
41.99,12.42,
41.78,12.51,
13.77,100.47,
13.81,100.62,
13.79,100.48,
13.7,100.44,
19.29,-99.17,
19.23,-99.16,
-33.9,18.61,
-33.9,18.53,
-33.93,18.71,
-22.96,-43.42,
-22.99,-43.44,
-22.9,-43.56,
-22.92,-43.63,
-22.92,-43.35,
13.85,100.58,
13.78,100.46,
13.86,100.55,
13.75,100.66,
13.77,100.67,
19.21,-99.2,
-22.99,-43.28,
-23.01,-43.53,
-22.93,-43.64,
-22.99,-43.47,
41.21,29.03,
41.01,29.03,
41.86,12.37,
41.91,12.79,
-34.07,18.46,
-33.69,18.44,
-34.04,18.77,
-34.07,18.43,
-33.89,18.55,
-34.05,151.12,
-33.97,151.08,
-33.66,151.28,
-33.71,151.14,
-33.75,151.11,
-33.76,151.13,
-33.67,151.28,
-33.74,151.16,
-33.6,151.14,
-33.78,150.89,
-33.78,151.15,
-33.74,151.17,
-33.93,150.98,
-33.6,151.01,
-33.81,151.06,
-34.06,151.08,
-33.74,151.23,
-33.75,151.12,
-33.91,151.11,
-33.73,151.28,
-33.76,151.24,
-33.78,151.19,
-33.65,151.16,
-34.03,151.12,
-34.01,151.22,
-33.84,151.05,
-33.75,151.08,
-33.64,151.3,
-33.99,151.05,
-33.65,151.29,
-34.04,150.85,
-33.98,151.1,
-34.02,151.11,
-33.68,151.22,
-33.91,150.87,
-33.73,151.27,
22.29,114.18,
22.5,114.13,
19.5,-99.11,
-34.05,150.83,
-34.0,150.86,
-33.75,150.95,
41.18,29.04,
40.93,29.15,
41.13,29.86,
40.99,28.72,
41.13,29.84,
-33.9,18.64,
13.81,100.59,
13.72,100.76,
-33.89,151.02,
-33.73,150.97,
41.03,28.89,
41.18,28.74,
41.78,12.35,
-33.92,151.05,
41.23,28.69,
13.75,100.47,
-33.89,151.1,
40.98,29.14,
-22.89,-43.37,
-33.87,151.04,
19.3,-99.06,
41.91,12.31,
-22.98,-43.55,
41.15,29.67,
13.95,100.62,
19.24,-99.25,
-33.99,18.65,
-22.96,-43.29,
42.01,12.5,
22.4,113.98,
19.36,-99.08,
-34.14,18.37,
40.91,29.28,
41.12,29.84,
19.25,-99.1,
-22.91,-43.56,
-34.05,151.11,
19.25,-99.24,
-22.92,-43.51,
-22.83,-43.29,
40.89,29.23,
41.19,29.48,
-33.76,150.98,
-23.0,-43.54,
41.05,28.78,
41.06,28.09,
41.03,29.18,
42.0,12.46,
22.37,114.13,
-33.94,18.53,
-34.07,150.73,
41.05,28.5,
13.78,100.68,
22.28,113.94,
-33.59,18.57,
-33.88,18.71,
-33.78,18.48,
-34.07,151.11,
13.86,100.83,
13.74,100.5,
19.29,-99.18,
19.22,-99.09,
19.37,-99.13,
-33.93,18.48,
-33.76,150.7,
13.91,100.59,
13.95,100.57,
19.36,-99.12,
19.4,-99.22,
-33.8,151.13,
-34.07,151.01,
19.32,-99.09,
-33.96,150.95,
-33.99,151.09,
-33.69,150.95,
41.82,12.6,
-33.7,150.92,
41.86,12.62,
13.79,100.53,
19.28,-99.12,
19.28,-99.11,
-33.85,151.01,
-33.76,150.75,
13.85,100.72,
13.77,100.43,
-33.77,151.05,
-34.01,150.88,
-33.91,151.06,
-33.75,150.88,
-33.76,150.97,
13.85,100.55,
-33.96,151.12,
13.85,100.56,
-34.1,150.81,
-33.97,18.52,
-33.95,150.94,
-33.81,151.05,
-33.85,151.1,
-33.73,151.03,
-33.86,151.03,
41.18,28.7,
13.76,100.68,
41.92,12.72,
13.67,100.69,
-33.96,151.07,
-34.0,151.03,
13.88,100.61,
13.7,100.69,
13.92,100.59,
13.72,100.68,
-33.87,18.7,
-33.93,150.91,
-33.8,151.03,
41.04,29.16,
-33.74,150.98,
13.8,100.52,
13.8,100.33,
13.76,100.45,
22.39,114.29,
22.43,114.29,
41.17,29.62,
40.88,29.06,
13.94,100.63,
19.24,-99.1,
-33.94,150.76,
-33.84,151.01,
41.12,29.86,
13.75,100.74,
13.75,100.73,
22.28,113.93,
19.22,-99.23,
-22.97,-43.46,
41.08,28.39,
13.75,100.62,
22.54,114.14,
19.34,-99.06,
19.38,-99.23,
19.2,-99.14,
19.22,-99.2,
19.22,-99.21,
-33.51,151.05,
-33.76,150.73,
-33.76,150.79,
-33.75,150.67,
-33.78,150.85,
40.88,29.27,
41.1,29.04,
41.76,12.35,
-33.63,18.52,
-33.8,150.78,
-33.7,150.82,
19.32,-99.28,
41.97,12.56,
22.22,114.1,
-33.9,150.91,
-33.98,150.87,
-33.87,151.02,
40.86,29.13,
22.25,113.86,
-33.97,18.51,
-22.85,-43.36,
-33.67,151.18,
-33.88,151.05,
-33.96,151.01,
41.14,29.85,
13.74,100.49,
13.66,100.69,
19.48,-99.2,
-34.02,18.5,
-22.82,-43.22,
-22.88,-43.4,
-33.63,151.02,
-33.67,150.99,
-33.72,150.98,
-33.87,150.92,
-33.68,151.11,
-34.06,151.12,
-33.51,151.08,
22.56,114.17,
40.9,29.17,
41.95,12.57,
-22.96,-43.28,
-33.62,151.14,
40.91,29.25,
41.01,28.72,
13.74,100.66,
19.35,-99.24,
-33.88,18.63,
-22.97,-43.65,
-22.91,-43.39,
-33.79,151.19,
41.18,28.99,
41.23,28.85,
41.1,28.81,
40.93,29.33,
41.77,12.56,
-33.99,18.51,
-33.89,18.64,
-22.88,-43.46,
48.86,2.42,
22.21,114.15,
-33.92,18.64,
41.0,28.78,
40.84,29.31,
13.75,100.78,
13.84,100.83,
-33.92,18.65,
-33.98,151.11,
22.36,114.14,
19.35,-99.26,
-23.05,-43.55,
-22.89,-43.27,
-33.74,150.9,
41.89,12.41,
-34.05,18.47,
40.98,29.18,
13.67,100.44,
13.72,100.79,
22.5,114.1,
19.36,-99.22,
41.81,12.6,
-34.11,18.92,
41.15,29.59,
-33.84,18.63,
22.43,114.23,
-33.77,150.7,
-34.18,18.37,
-34.06,150.72,
-33.73,150.88,
-34.04,18.65,
-34.08,151.0,
-33.78,150.95,
-33.77,150.84,
-33.69,151.28,
41.18,28.75,
-33.85,18.6,
-34.05,18.66,
19.21,-99.08,
-33.73,151.09,
19.34,-99.26,
19.39,-99.04,
19.21,-99.09,
-23.01,-43.54,
-33.62,151.04,
41.07,28.15,
41.01,29.13,
42.02,12.37,
13.75,100.8,
22.16,114.3,
19.26,-99.13,
19.25,-99.02,
19.4,-99.05,
-34.14,18.89,
19.42,-99.06,
19.26,-99.21,
41.23,29.11,
13.66,100.46,
41.01,28.7,
41.01,28.71,
22.24,113.95,
19.33,-99.07,
40.99,28.73,
41.14,28.84,
40.81,29.3,
-33.79,150.98,
-23.03,-43.55,
-22.82,-43.31,
19.36,-99.21,
-33.89,150.84,
-34.1,18.46,
41.07,29.07,
40.81,29.27,
13.88,100.56,
13.81,100.73,
13.73,100.74,
13.9,100.59,
-33.94,18.67,
-33.91,18.6,
-33.99,150.77,
-33.71,150.93,
41.71,12.49,
-22.83,-43.32,
41.17,29.04,
13.8,100.74,
13.86,100.66,
22.42,114.07,
19.19,-99.23,
19.33,-99.11,
19.48,-99.14,
-22.88,-43.54,
41.13,28.78,
41.74,12.34,
-22.87,-43.64,
13.84,100.6,
13.82,100.7,
22.33,114.2,
-34.1,18.85,
-33.99,18.69,
-22.97,-43.3,
41.07,29.08,
41.02,29.14,
-23.0,-43.23,
13.78,100.72,
-33.83,18.52,
-34.06,18.75,
41.08,28.66,
19.3,-99.1,
-22.98,-43.65,
-22.96,-43.23,
41.19,29.45,
42.01,12.24,
13.73,100.67,
-33.92,18.67,
22.51,114.13,
19.39,-99.08,
-33.96,18.68,
-33.95,18.68,
-22.98,-43.5,
41.04,28.86,
41.23,29.1,
13.83,100.59,
19.3,-99.05,
-22.92,-43.4,
-22.88,-43.25,
41.03,29.16,
40.87,29.3,
41.18,29.62,
41.23,29.01,
-33.78,150.93,
40.88,29.25,
41.89,12.62,
13.72,100.67,
41.13,28.08,
41.11,29.84,
19.36,-99.05,
40.99,29.14,
-34.05,18.86,
-22.85,-43.35,
-22.91,-43.7,
-22.98,-43.36,
-33.84,151.09,
13.8,100.72,
13.92,100.67,
13.78,100.62,
19.29,-99.05,
-34.05,18.81,
-33.95,18.66,
-22.99,-43.64,
-22.88,-43.33,
41.06,29.24,
41.01,28.63,
40.99,29.15,
41.02,29.1,
13.7,100.34,
22.34,114.21,
22.47,114.21,
19.21,-99.21,
19.28,-99.23,
19.37,-99.05,
-22.84,-43.27,
-22.98,-43.48,
-22.87,-43.52,
-22.99,-43.39,
-22.86,-43.43,
-22.95,-43.65,
-22.9,-43.66,
-22.95,-43.33,
-22.83,-43.35,
-22.86,-43.32,
-33.86,151.02,
41.03,29.05,
40.85,29.3,
41.16,29.09,
40.83,29.31,
41.91,12.66,
19.25,-99.17,
-22.89,-43.39,
40.94,29.3,
41.04,28.65,
41.84,12.37,
13.65,100.36,
-34.02,18.55,
-34.11,18.89,
-22.96,-43.33,
41.13,29.11,
41.1,29.07,
40.94,29.16,
41.04,28.45,
40.96,29.11,
41.16,29.54,
40.9,29.23,
41.16,28.94,
-34.07,18.56,
-22.98,-43.28,
-22.85,-43.54,
41.32,28.72,
41.05,28.39,
13.84,100.65,
13.91,100.57,
-34.05,18.51,
42.0,12.4,
40.95,29.14,
41.87,12.66,
-33.81,18.79,
13.74,100.43,
13.8,100.71,
13.73,100.62,
-33.91,18.58,
40.99,28.88,
41.05,28.8,
41.04,28.91,
13.77,100.7,
13.74,100.69,
13.75,100.45,
13.83,100.74,
-34.12,18.89,
-22.95,-43.39,
-33.78,151.16,
40.94,29.27,
40.83,29.32,
41.95,12.58,
13.85,100.66,
13.84,100.86,
13.84,100.85,
13.64,100.5,
-33.81,18.52,
13.88,100.81,
13.7,100.37,
19.37,-99.04,
19.34,-99.1,
-33.78,150.87,
-33.75,150.9,
41.02,29.13,
13.85,100.69,
13.79,100.74,
13.81,100.6,
13.82,100.72,
13.61,100.41,
13.64,100.44,
13.6,100.51,
13.79,100.41,
13.76,100.79,
19.46,-99.09,
-23.03,-43.52,
-22.91,-43.41,
-22.83,-43.41,
-22.81,-43.18,
-33.93,151.1,
-33.86,150.99,
41.04,28.89,
40.86,29.28,
13.7,100.35,
13.84,100.67,
13.69,100.65,
-33.99,151.13,
-34.01,151.12,
41.09,28.35,
41.04,29.08,
13.85,100.76,
13.77,100.51,
13.77,100.72,
13.65,100.51,
13.75,100.67,
13.77,100.65,
19.24,-99.23,
19.3,-99.03,
19.19,-99.17,
19.33,-99.05,
-22.92,-43.61,
-33.93,151.11,
-33.85,150.98,
40.92,29.22,
40.96,29.19,
41.09,28.81,
41.83,12.58,
13.88,100.71,
13.83,100.6,
13.77,100.39,
13.71,100.84,
19.33,-99.09,
19.27,-99.03,
-22.87,-43.56,
-22.91,-43.69,
-22.92,-43.64,
-22.85,-43.37,
40.91,29.29,
40.92,29.2,
41.87,12.58,
13.91,100.67,
13.79,100.37,
13.9,100.61,
13.89,100.56,
19.35,-99.11,
19.33,-98.98,
-22.84,-43.41,
-22.85,-43.4,
-23.0,-43.51,
-22.87,-43.58,
-33.84,151.06,
41.0,28.62,
41.81,12.62,
13.77,100.52,
19.34,-99.11,
-33.72,151.22,
-33.77,151.17,
13.74,100.53,
-33.98,18.54,
-33.84,18.7,
-33.75,151.14,
-33.75,151.0,
41.08,28.91,
41.02,29.09,
40.93,29.3,
13.7,100.45,
13.89,100.63,
19.29,-99.07,
19.36,-99.0,
-33.9,18.56,
-22.89,-43.24,
-33.8,151.23,
-33.85,150.89,
-33.73,150.93,
-33.75,150.99,
-33.7,150.89,
40.86,29.29,
40.98,28.64,
41.0,29.25,
13.7,100.68,
40.97,29.23,
41.02,28.86,
41.0,28.83,
40.98,28.67,
41.79,12.46,
41.91,12.36,
41.88,12.7,
-33.79,150.91,
-33.74,151.0,
41.06,28.31,
19.34,-99.02,
19.27,-99.21,
-22.84,-43.31,
41.99,12.36,
41.99,12.45,
13.71,100.41,
-33.95,151.03,
13.81,100.92,
41.03,28.46,
-23.0,-43.63,
-33.92,150.95,
40.96,28.62,
-34.22,18.41,
-33.71,150.9,
19.45,-99.08,
-33.73,150.9,
41.89,12.7,
-22.86,-43.37,
-33.74,151.06,
-33.9,150.9,
-33.9,151.09,
-33.92,150.87,
-33.7,151.11,
13.7,100.36,
19.31,-99.11,
-33.72,151.14,
-34.01,151.21,
41.86,12.59,
19.31,-99.2,
-33.9,150.95,
19.39,-99.07,
-33.95,151.06,
19.27,-99.0,
-33.74,151.13,
-33.9,151.03,
19.32,-99.23,
13.72,100.69,
-33.78,150.84,
13.78,100.66,
41.25,28.75,
42.06,12.37,
41.92,12.29,
-22.98,-43.27,
-34.06,18.47,
-22.9,-43.22,
-33.76,151.1,
-33.94,151.01,
-33.95,151.07,
-33.92,151.02,
-33.93,18.68,
-33.96,18.5,
-33.71,150.99,
-33.73,151.14,
-33.79,151.1,
13.79,100.35,
13.65,100.63,
-34.03,18.59,
13.71,100.38,
-33.94,151.07,
-33.79,150.79,
-33.96,151.04,
-33.86,151.04,
-33.74,151.2,
-33.81,150.95,
41.87,12.35,
13.73,100.45,
41.13,28.46,
41.93,12.59,
13.85,100.77,
13.79,100.52,
-33.73,150.94,
41.73,12.51,
-33.89,151.0,
-34.05,150.87,
41.06,29.17,
41.05,28.9,
41.83,12.62,
13.88,100.66,
19.33,-99.25,
-33.91,18.55,
-22.79,-43.18,
-33.8,150.8,
-33.81,151.12,
19.35,-99.07,
41.83,12.53,
41.79,12.48,
-33.76,151.0,
-33.75,151.16,
41.92,12.33,
13.6,100.5,
19.51,-99.09,
-33.84,18.72,
-33.87,18.71,
41.79,12.52,
-33.77,151.14,
-33.98,151.13,
-33.75,150.98,
-33.97,151.07,
-33.72,150.9,
-33.94,150.84,
-33.84,151.03,
-34.0,151.05,
-34.07,150.75,
-34.02,150.84,
-33.81,151.13,
-33.91,18.66,
40.98,28.66,
41.76,12.52,
-33.71,151.08,
-33.7,150.94,
42.02,12.38,
-33.95,150.86,
-33.95,151.04,
-34.05,151.09,
41.17,28.99,
-33.66,150.67,
19.34,-99.27,
19.38,-99.06,
-33.89,150.99,
41.16,29.27,
-33.73,151.15,
41.87,12.68,
19.34,-99.05,
-33.91,150.92,
41.25,28.5,
41.86,12.43,
41.84,12.57,
-33.72,151.11,
41.8,12.38,
-33.53,151.14,
-33.61,151.3,
-33.78,151.03,
19.25,-99.19,
-33.85,150.63,
19.49,-99.17,
-34.0,151.08,
-33.56,150.92,
-33.63,151.31,
-33.85,150.94,
-33.94,18.72,
-34.09,18.4,
-34.05,18.5,
-33.94,18.7,
-33.92,18.44,
-34.01,18.33,
-33.92,18.55,
41.83,12.52,
48.87,2.24,
-22.98,-43.62,
-33.93,150.64,
-33.91,150.89,
-33.74,151.03,
19.31,-99.09,
-33.56,150.89,
-33.86,150.98,
-34.02,151.1,
-33.86,150.89,
22.38,113.99,
40.87,29.1,
-22.96,-43.62,
-33.75,151.06,
13.8,100.6,
-34.02,150.78,
13.79,100.65,
-33.77,150.89,
-34.01,151.1,
-33.66,151.1,
-34.06,18.87,
-22.98,-43.61,
-33.67,151.03,
-34.08,18.54,
-33.71,150.91,
-34.09,18.54,
19.31,-99.34,
-33.95,150.76,
-33.74,151.05,
-34.03,151.08,
-33.7,151.0,
-33.77,150.66,
-33.77,151.3,
13.69,100.43,
-33.71,151.05,
22.41,114.22,
-33.97,150.9,
-34.12,18.91,
-33.97,150.89,
19.43,-99.07,
40.97,29.22,
22.55,114.15,
-33.8,151.08,
41.0,28.9,
41.82,12.63,
41.73,12.55,
41.07,28.68,
41.88,12.67,
13.83,100.63,
-34.09,150.79,
22.36,114.25,
19.3,-99.19,
-33.72,151.15,
22.24,114.15,
41.14,29.03,
41.12,29.02,
22.3,114.23,
-22.75,-43.1,
-34.12,18.44,
-34.02,151.09,
-33.77,151.19,
-34.06,150.8,
19.24,-99.18,
-33.69,151.09,
-22.85,-43.27,
-33.95,151.11,
22.42,114.2,
41.02,28.88,
-22.97,-43.62,
-22.94,-43.38,
41.01,29.16,
22.3,114.29,
40.89,29.25,
13.69,100.66,
19.22,-99.16,
-33.95,18.67,
-22.94,-43.32,
-22.87,-43.36,
40.95,29.15,
41.98,12.48,
-34.07,18.82,
41.04,28.78,
22.46,114.18,
19.36,-99.24,
22.37,114.17,
-33.83,18.66,
13.9,100.56,
-33.99,150.88,
-33.9,151.06,
-33.72,151.08,
-34.0,151.06,
-33.77,150.98,
41.77,12.58,
-33.72,151.13,
13.85,100.68,
-33.92,151.12,
40.99,28.63,
19.36,-99.09,
-33.91,18.63,
13.86,100.57,
-33.76,151.06,
41.87,12.43,
-34.01,18.52,
-34.03,150.85,
-33.96,151.03,
-33.69,150.91,
41.01,29.17,
13.79,100.5,
19.47,-99.15,
-34.05,150.71,
-33.79,151.22,
-33.69,150.93,
-33.72,151.16,
-33.72,151.07,
-33.71,151.12,
13.91,100.65,
-22.89,-43.26,
-33.78,150.98,
-33.73,151.22,
13.93,100.65,
-33.93,151.08,
-22.98,-43.45,
-33.81,150.69,
-33.72,151.09,
41.07,28.81,
19.33,-99.26,
19.25,-99.11,
-33.76,150.82,
41.11,29.06,
-33.79,150.99,
-33.7,150.87,
-33.73,151.17,
22.39,114.19,
-33.73,151.11,
-33.89,18.63,
-33.9,18.71,
-33.95,151.01,
41.08,29.08,
13.69,100.45,
19.33,-98.97,
19.2,-99.16,
-22.96,-43.58,
-33.74,151.02,
-33.92,151.07,
41.1,28.89,
40.9,29.19,
41.08,29.07,
42.0,12.45,
19.38,-99.03,
19.37,-99.08,
19.28,-99.18,
-33.76,151.03,
-33.76,151.19,
41.22,29.03,
41.77,12.31,
19.51,-99.1,
-33.75,151.04,
41.06,28.93,
-22.94,-43.69,
-33.91,151.01,
13.69,100.59,
13.79,100.46,
-23.0,-43.58,
-34.08,150.8,
41.81,12.47,
41.03,28.79,
19.4,-99.23,
41.78,12.38,
19.49,-99.18,
22.39,114.21,
22.29,114.24,
41.03,28.76,
22.28,114.12,
22.32,114.26,
22.38,114.2,
13.86,100.61,
19.5,-99.17,
41.02,29.11,
22.22,114.12,
41.1,29.08,
40.99,29.22,
41.99,12.52,
41.89,12.65,
22.44,114.07,
-33.77,150.91,
13.85,100.63,
22.26,114.18,
40.89,29.24,
41.14,29.0,
40.92,29.14,
40.91,29.15,
41.05,28.75,
-22.91,-43.36,
-22.95,-43.21,
41.85,12.51,
41.94,12.37,
40.91,29.23,
22.36,114.11,
41.96,12.51,
-33.93,151.13,
40.93,29.24,
40.92,29.31,
-22.97,-43.43,
-33.92,18.54,
41.01,29.06,
41.04,29.11,
41.1,28.65,
41.81,12.49,
-22.88,-43.37,
-33.9,151.02,
-33.79,151.03,
22.34,114.17,
13.74,100.61,
41.08,28.62,
41.01,29.15,
42.03,12.43,
19.39,-99.22,
41.82,12.39,
41.83,12.51,
19.38,-99.04,
-33.73,150.89,
13.79,100.67,
13.68,100.38,
41.01,28.86,
22.41,113.96,
-34.03,151.07,
41.09,28.97,
13.77,100.68,
-33.94,151.12,
13.72,100.64,
-22.83,-43.28,
-22.91,-43.57,
19.28,-99.05,
41.75,12.32,
-33.91,151.07,
19.31,-99.06,
-22.93,-43.4,
-33.88,150.96,
-33.94,151.03,
41.18,28.71,
-33.95,18.65,
-22.83,-43.4,
-33.7,151.01,
41.11,28.67,
22.31,114.29,
41.77,12.3,
-34.04,150.82,
-33.74,150.74,
19.32,-99.3,
-22.88,-43.32,
40.82,29.27,
13.7,100.4,
22.44,114.04,
40.97,28.88,
41.85,12.34,
-22.76,-43.11,
22.25,114.17,
-33.9,18.66,
-23.0,-43.29,
40.97,29.15,
19.21,-99.23,
-22.8,-43.18,
40.82,29.29,
-23.02,-43.29,
-23.0,-43.55,
-33.97,150.87,
40.98,29.17,
41.04,28.69,
41.09,28.88,
13.78,100.51,
-22.91,-43.58,
22.41,114.12,
-22.95,-43.37,
41.08,28.67,
40.88,29.28,
41.03,28.91,
41.02,28.79,
41.05,28.91,
19.32,-99.21,
-33.9,18.59,
-22.89,-43.41,
-22.88,-43.66,
41.01,29.25,
41.01,28.78,
-22.88,-43.62,
40.91,29.3,
-34.02,18.62,
41.02,29.06,
41.11,29.09,
41.89,12.64,
-33.87,151.05,
-34.02,18.67,
41.03,29.24,
40.83,29.35,
-34.07,151.14,
41.75,12.31,
40.89,29.27,
13.72,100.77,
-34.02,18.51,
-33.79,150.92,
19.35,-99.09,
-33.77,150.9,
-22.89,-43.52,
-34.01,18.75,
-33.72,150.73,
-33.89,150.97,
40.98,29.23,
-33.78,151.01,
-33.71,150.88,
41.03,28.86,
41.21,29.4,
19.34,-98.99,
41.0,28.92,
-34.02,18.74,
-34.07,18.5,
40.96,29.24,
40.97,28.87,
-33.81,150.97,
40.89,29.17,
40.83,29.36,
22.31,114.2,
-33.92,150.91,
-33.77,150.78,
-33.98,150.89,
-22.89,-43.36,
-33.94,18.62,
41.1,28.97,
19.33,-99.04,
41.0,28.82,
40.9,29.27,
41.01,28.88,
40.99,28.8,
-33.96,18.56,
22.55,114.16,
-33.89,18.71,
41.72,12.29,
13.69,100.37,
13.72,100.38,
22.44,114.02,
41.04,29.23,
41.06,28.37,
13.71,100.37,
-22.89,-43.34,
41.07,28.67,
13.76,100.69,
13.75,100.7,
13.77,100.61,
13.68,100.43,
13.71,100.35,
22.24,114.17,
-33.66,151.16,
41.17,29.03,
41.05,28.86,
40.97,29.25,
41.06,28.86,
22.55,114.13,
-23.04,-43.56,
-33.63,151.01,
41.21,28.71,
41.2,28.77,
-33.98,18.37,
-33.8,150.98,
-33.75,151.05,
41.24,29.03,
41.02,29.22,
41.12,29.27,
41.95,12.55,
-34.09,18.36,
-22.84,-43.33,
41.22,29.15,
40.94,29.1,
19.48,-99.16,
40.93,29.35,
40.96,28.84,
-33.9,151.0,
22.26,113.86,
-33.96,151.05,
41.91,12.67,
-33.9,151.05,
-33.89,150.96,
-33.69,150.88,
-34.01,150.74,
-33.91,18.5,
22.38,114.21,
41.09,29.14,
-34.04,151.04,
-33.97,151.14,
-33.86,18.7,
-22.88,-43.47,
-33.78,151.02,
40.94,29.31,
41.86,12.69,
40.96,29.12,
-33.87,150.97,
22.46,114.21,
22.3,114.25,
-33.77,150.72,
41.83,12.31,
-33.55,151.2,
-33.79,150.9,
-34.03,151.11,
-33.82,18.65,
-33.98,151.15,
19.51,-99.13,
41.02,28.92,
-22.99,-43.58,
-33.73,150.78,
41.82,12.58,
-33.86,18.61,
-34.05,150.75,
-34.22,18.46,
-33.65,151.06,
41.23,28.7,
-33.76,150.85,
41.25,28.76,
-33.73,151.02,
41.03,28.62,
40.87,29.26,
13.76,100.6,
22.45,113.99,
42.05,12.58,
42.02,12.46,
19.39,-99.06,
-33.54,151.01,
-22.87,-43.22,
41.08,29.67,
22.52,114.06,
19.51,-99.21,
-22.87,-43.26,
41.09,28.75,
40.9,29.35,
41.78,12.34,
19.39,-99.05,
41.91,12.6,
-33.74,150.86,
41.48,28.29,
-33.69,150.89,
22.45,114.14,
-22.99,-43.29,
41.23,29.0,
41.05,28.87,
19.27,-99.12,
-33.51,151.06,
19.47,-99.09,
-33.63,151.14,
41.18,29.05,
19.38,-99.28,
-33.72,151.06,
-33.95,151.0,
-33.73,150.99,
-22.83,-43.46,
-22.92,-43.62,
-34.04,18.68,
-22.98,-43.7,
-33.74,150.99,
19.34,-99.29,
19.46,-99.06,
40.96,29.06,
41.01,29.24,
42.07,12.35,
13.74,100.73,
-33.84,18.71,
-33.7,150.96,
-33.73,150.92,
13.7,100.83,
-33.8,150.94,
-34.07,151.0,
13.72,100.44,
40.99,28.61,
22.43,114.2,
40.99,28.86,
19.39,-99.03,
41.13,29.1,
-34.11,18.93,
41.34,28.69,
-33.71,151.07,
-33.67,150.96,
-33.88,150.93,
13.9,100.55,
-33.91,151.02,
41.28,28.61,
13.8,100.7,
-33.76,18.53,
-33.85,18.52,
13.74,100.37,
19.25,-99.05,
19.21,-99.1,
13.72,100.75,
-34.02,18.4,
41.82,12.3,
22.53,114.15,
-33.9,151.01,
41.87,12.64,
19.48,-99.06,
-33.91,18.65,
19.38,-99.09,
-33.74,150.83,
13.73,100.79,
-34.03,150.87,
-33.64,151.28,
-33.74,150.84,
-34.06,151.09,
19.34,-99.07,
-33.73,151.07,
13.8,100.69,
-33.85,18.61,
-33.61,18.58,
41.92,12.61,
-33.78,150.71,
19.29,-99.21,
41.09,28.86,
19.29,-99.11,
41.83,12.3,
13.75,100.75,
22.44,114.03,
-33.67,151.27,
41.98,12.41,
13.76,100.35,
-33.98,150.86,
41.87,12.67,
19.33,-99.03,
-33.87,18.75,
41.03,28.47,
41.1,29.13,
-33.96,150.99,
-33.62,151.15,
-34.03,150.75,
13.82,100.73,
13.76,100.75,
13.71,100.39,
41.84,12.47,
41.87,12.62,
-34.06,150.81,
41.88,12.61,
41.03,29.22,
41.95,12.63,
-33.94,18.68,
40.99,29.23,
13.92,100.57,
13.65,100.52,
-33.94,18.55,
-33.8,150.79,
-33.85,150.9,
19.28,-99.28,
-33.89,150.86,
41.89,12.38,
42.05,12.3,
48.86,2.24,
-33.92,18.66,
13.85,100.54,
40.98,29.35,
40.88,29.26,
13.91,100.58,
13.78,100.65,
-34.02,18.66,
-33.85,151.17,
13.92,100.64,
-33.74,151.11,
-33.95,150.96,
-33.95,18.52,
22.5,114.08,
-34.05,150.85,
-33.93,150.95,
-33.83,18.74,
-33.74,150.97,
13.65,100.43,
13.83,100.73,
-33.71,151.13,
-22.99,-43.6,
-33.8,151.1,
-33.69,150.92,
41.9,12.58,
13.9,100.57,
-22.89,-43.25,
13.79,100.33,
42.04,12.3,
13.76,100.67,
41.24,28.86,
41.24,28.85,
41.89,12.72,
13.65,100.48,
-33.78,150.92,
13.73,100.73,
41.75,12.27,
-33.84,151.0,
-22.86,-43.31,
42.0,12.39,
19.24,-99.17,
-33.76,151.12,
-33.71,150.92,
-33.84,151.08,
13.84,100.54,
41.04,28.52,
13.95,100.58,
41.02,28.58,
41.78,12.36,
13.71,100.67,
13.8,100.53,
41.11,29.11,
41.86,12.7,
13.66,100.43,
-33.74,150.78,
13.8,100.78,
19.2,-99.03,
-34.06,18.53,
-34.0,18.71,
-34.01,18.71,
-33.91,18.57,
41.19,28.72,
-33.99,151.02,
40.87,29.31,
19.32,-99.26,
-34.08,151.12,
41.84,12.71,
13.79,100.45,
13.81,100.51,
13.9,100.65,
13.67,100.39,
-33.87,150.94,
41.0,28.68,
13.85,100.57,
-22.9,-43.2,
41.06,28.8,
-34.06,18.61,
-22.9,-43.31,
-22.88,-43.36,
-33.82,150.98,
41.79,12.51,
41.85,12.54,
13.81,100.69,
13.82,100.66,
13.75,100.46,
13.72,100.39,
13.65,100.45,
-22.98,-43.34,
-33.77,151.12,
-33.71,150.94,
-33.89,150.92,
-33.74,150.8,
13.86,100.68,
-33.52,18.47,
-22.92,-43.54,
-22.87,-43.46,
40.97,28.82,
40.93,29.28,
41.02,29.25,
40.97,28.71,
40.91,29.21,
41.06,29.23,
-22.98,-43.44,
-22.93,-43.55,
13.84,100.73,
13.76,100.66,
13.9,100.66,
13.85,100.82,
13.83,100.72,
13.83,100.76,
19.31,-99.25,
-22.92,-43.68,
-22.87,-43.53,
40.99,29.28,
13.74,100.4,
13.78,100.71,
-34.05,18.49,
-34.08,18.58,
-22.83,-43.37,
-22.87,-43.29,
-22.89,-43.56,
-34.06,150.83,
22.48,114.04,
-33.74,150.91,
-33.86,151.12,
-33.88,150.84,
41.06,29.08,
22.49,114.1,
19.56,-99.13,
-22.88,-43.48,
-33.73,151.1,
-34.01,151.05,
-34.03,150.81,
41.07,28.75,
13.85,100.62,
13.77,100.46,
13.85,100.71,
-33.99,18.71,
-22.83,-43.31,
-33.8,151.07,
-33.74,150.65,
-33.81,150.68,
19.24,-99.07,
-34.07,18.59,
-33.93,18.59,
-33.93,18.58,
-34.13,18.86,
-33.94,18.59,
-34.09,150.7,
-33.78,150.88,
-33.73,151.23,
-33.89,151.01,
-34.05,150.84,
41.08,28.28,
19.27,-99.15,
-34.05,18.42,
-33.88,18.72,
-22.87,-43.37,
-22.83,-43.39,
-22.89,-43.31,
-22.94,-43.23,
-33.76,151.09,
40.98,28.84,
13.77,100.75,
13.83,100.79,
13.73,100.66,
13.93,100.66,
13.73,100.72,
13.63,100.51,
13.82,100.75,
13.66,100.47,
13.91,100.63,
13.63,100.5,
13.81,100.84,
-34.07,18.63,
-33.8,150.93,
-33.94,151.09,
-33.91,151.05,
-34.06,151.02,
-33.75,151.02,
19.36,-99.11,
-33.69,151.15,
-33.76,150.87,
13.83,100.7,
41.8,12.44,
13.7,100.7,
-33.98,151.08,
19.49,-99.07,
19.39,-99.11,
-33.8,150.77,
-33.85,151.02,
-33.71,151.16,
-34.07,150.74,
-33.92,151.01,
-33.74,150.89,
-33.87,150.95,
-33.77,150.92,
40.89,29.22,
-33.88,18.67,
41.84,12.44,
19.43,-99.12,
40.93,29.22,
13.75,100.79,
13.82,100.51,
13.72,100.43,
41.85,12.41,
13.72,100.41,
-22.82,-43.33,
13.71,100.83,
-22.89,-43.61,
41.07,29.19,
22.32,114.15,
19.34,-99.01,
-33.89,151.08,
40.88,29.22,
41.03,28.88,
40.93,29.16,
41.09,28.91,
40.96,29.21,
40.96,29.23,
41.11,28.87,
40.99,28.77,
13.88,100.58,
13.94,100.6,
41.84,12.5,
42.02,12.34,
41.86,12.68,
41.75,12.35,
41.02,29.21,
13.7,100.84,
13.94,100.59,
13.7,100.46,
22.38,113.97,
19.5,-99.16,
-33.98,18.55,
-22.82,-43.35,
41.98,12.44,
-33.74,150.93,
41.07,28.9,
19.47,-99.07,
19.25,-99.23,
40.96,28.81,
-22.96,-43.48,
41.81,12.61,
-33.73,150.96,
-33.98,151.23,
-33.85,18.67,
-22.89,-43.45,
40.89,29.36,
41.06,28.76,
-22.89,-43.47,
-22.88,-43.3,
41.29,28.62,
41.01,28.85,
41.21,29.16,
40.96,29.15,
41.0,29.24,
22.32,114.23,
-22.93,-43.52,
-33.76,150.81,
40.92,29.26,
40.9,29.21,
41.94,12.35,
41.08,29.33,
41.79,12.37,
-33.87,18.73,
-22.97,-43.32,
40.88,29.38,
41.28,28.68,
-34.12,18.93,
-34.07,150.79,
40.94,29.28,
-33.74,150.72,
19.35,-99.04,
-22.99,-43.59,
41.91,12.61,
41.89,12.63,
41.22,29.23,
22.35,114.2,
-33.8,150.9,
-34.25,18.47,
-33.71,151.06,
-33.61,151.15,
41.14,29.69,
-34.09,151.0,
-33.62,151.0,
19.32,-99.05,
-22.88,-43.44,
13.91,100.56,
22.48,114.24,
19.34,-99.28,
41.11,29.08,
13.91,100.61,
19.52,-99.14,
-33.76,151.22,
13.94,100.61,
19.25,-99.09,
41.84,12.58,
41.97,12.42,
41.95,12.6,
-33.63,150.69,
41.87,12.69,
-33.81,18.65,
-33.72,150.72,
-33.72,150.93,
-33.63,151.29,
-34.15,18.89,
-34.08,150.81,
41.16,29.73,
13.79,100.4,
41.86,12.41,
-33.72,151.0,
-33.68,150.92,
13.87,100.57,
-33.93,150.93,
-34.1,150.8,
-33.77,150.94,
13.84,100.68,
-33.66,151.14,
41.8,12.4,
-22.86,-43.28,
-33.9,151.08,
-33.89,151.06,
13.78,100.84,
-33.87,151.07,
-33.75,150.92,
-34.07,18.6,
-34.02,18.6,
41.02,29.23,
41.1,29.32,
41.02,29.17,
41.0,28.64,
40.87,29.33,
-33.81,18.69,
41.02,28.56,
40.92,29.23,
41.94,12.59,
13.64,100.42,
13.68,100.41,
-22.83,-43.3,
-22.87,-43.31,
41.04,29.77,
41.2,28.75,
41.09,28.87,
41.84,12.38,
22.45,114.07,
19.48,-99.22,
19.29,-99.1,
-22.98,-43.29,
41.05,28.63,
42.01,12.32,
-33.71,150.82,
41.04,28.82,
40.91,29.32,
22.19,114.14,
19.32,-99.27,
19.52,-99.17,
-22.89,-43.66,
-22.88,-43.5,
41.05,28.89,
19.47,-99.06,
-33.69,151.04,
41.05,28.76,
40.9,29.24,
-34.14,150.99,
-34.05,151.02,
41.15,29.73,
22.4,114.22,
-33.86,18.75,
-33.75,150.97,
41.04,28.44,
-33.85,151.0,
13.64,100.48,
42.01,12.25,
-22.94,-43.68,
-34.09,18.84,
-33.85,151.09,
13.74,100.72,
13.88,100.72,
-33.78,18.49,
-34.09,18.5,
42.01,12.48,
13.86,100.81,
-33.81,151.14,
-33.91,18.67,
-34.05,18.67,
-33.93,151.05,
-34.03,150.77,
19.35,-99.02,
19.21,-99.16,
41.15,29.17,
13.8,100.67,
13.66,100.45,
-33.75,151.21,
-34.03,151.01,
41.82,12.59,
-33.86,150.94,
13.84,100.63,
19.37,-99.03,
13.7,100.71,
41.01,29.22,
13.8,100.37,
13.86,100.69,
22.53,114.2,
19.19,-99.07,
41.05,28.85,
13.91,100.64,
13.86,100.56,
19.23,-99.21,
-34.01,18.54,
40.97,29.2,
40.99,28.92,
13.92,100.66,
13.78,100.42,
19.25,-99.14,
19.24,-99.12,
-34.02,18.61,
-34.0,18.74,
-33.96,150.78,
-33.67,151.19,
-33.74,150.88,
-33.71,150.89,
19.31,-99.27,
-22.88,-43.49,
-22.85,-43.33,
-23.0,-43.64,
22.4,114.27,
-33.98,18.52,
-33.85,151.05,
19.23,-99.0,
22.36,114.0,
-33.81,150.79,
41.07,28.85,
41.13,29.27,
40.91,29.31,
-34.12,18.85,
-34.05,18.48,
-33.85,18.73,
-34.0,150.87,
-33.96,150.96,
41.05,29.1,
-33.82,150.95,
-22.85,-43.46,
41.08,29.32,
-33.84,150.97,
-34.24,18.43,
-33.82,150.94,
-34.03,18.67,
-34.25,18.43,
13.66,100.42,
-33.72,151.05,
13.87,100.71,
-34.0,18.73,
-33.99,18.73,
41.75,12.5,
41.96,12.48,
-33.71,151.04,
13.78,100.45,
-34.13,18.89,
-22.82,-43.23,
40.92,29.15,
-33.65,151.11,
-34.06,150.76,
19.44,-99.22,
-33.74,151.08,
-33.72,150.91,
13.7,100.85,
19.4,-99.21,
-33.8,18.62,
-33.76,151.23,
-33.75,150.74,
13.71,100.74,
-33.9,18.7,
-33.8,150.91,
41.01,29.44,
-33.93,151.18,
-33.94,151.17,
-33.93,151.17,
-33.73,150.98,
-34.07,150.81,
-33.77,150.67,
-33.72,18.71,
41.34,28.67,
22.55,114.14,
41.23,29.25,
13.78,100.43,
41.05,28.35,
-33.83,151.16,
-34.05,151.05,
41.85,12.55,
-33.96,18.67,
40.91,29.24,
19.28,-99.27,
19.27,-99.11,
-33.96,150.7,
-34.13,18.9,
19.25,-99.18,
41.02,29.16,
-34.01,18.51,
-34.03,18.66,
-33.98,151.06,
-33.66,151.33,
41.21,29.04,
19.26,-99.2,
-22.96,-43.49,
-22.88,-43.45,
-33.78,150.7,
41.08,28.25,
19.48,-99.17,
-33.77,151.06,
41.11,29.88,
-33.76,150.84,
41.06,28.89,
-33.75,150.84,
41.09,28.8,
22.38,114.26,
22.37,113.96,
41.1,28.8,
22.42,114.24,
40.98,29.24,
41.85,12.61,
19.53,-99.17,
-22.88,-43.55,
-33.76,150.89,
19.2,-99.01,
41.9,12.59,
41.89,12.59,
41.93,12.39,
-33.77,150.97,
40.88,29.33,
41.1,29.1,
-33.66,151.09,
-34.04,150.83,
-33.87,18.72,
19.23,-98.96,
41.06,28.87,
-33.77,151.04,
-33.9,151.12,
-33.88,18.73,
-33.83,150.98,
-22.92,-43.57,
19.33,-99.32,
19.24,-99.09,
-22.84,-43.29,
41.2,28.6,
41.1,29.02,
-33.89,150.88,
22.44,114.18,
22.37,113.97,
-33.71,151.18,
-33.95,150.99,
-34.15,18.91,
19.33,-99.33,
-33.64,150.77,
41.19,29.0,
19.29,-99.24,
19.39,-99.21,
-34.13,18.37,
-33.73,151.04,
41.91,12.7,
-22.97,-43.61,
-22.9,-43.55,
41.79,12.44,
-34.03,18.5,
-22.96,-43.32,
40.87,29.09,
41.92,12.62,
-33.97,150.99,
-34.05,151.03,
-34.1,18.91,
-33.65,150.91,
-33.95,150.8,
13.65,100.4,
42.07,12.33,
-34.06,151.11,
41.99,12.44,
41.01,28.62,
41.33,28.35,
40.89,29.28,
42.04,12.39,
-34.06,18.52,
-33.91,150.91,
-22.93,-43.57,
-33.94,150.9,
22.4,114.3,
-34.16,18.41,
-33.79,151.02,
-33.68,151.05,
41.72,12.48,
-33.8,151.05,
41.74,12.24,
22.4,114.32,
-33.7,151.13,
-33.74,151.12,
-33.77,150.71,
-34.02,150.82,
22.47,114.15,
22.2,114.13,
-34.04,18.59,
-33.77,150.87,
42.0,12.52,
-33.7,150.81,
-34.01,18.62,
-34.04,18.49,
-34.06,18.5,
-33.81,18.62,
-33.99,151.24,
-33.99,151.08,
41.79,12.55,
41.83,12.61,
-22.87,-43.35,
42.04,12.46,
13.79,100.34,
13.87,100.65,
13.71,100.69,
19.32,-99.06,
19.48,-99.09,
-23.0,-43.46,
19.35,-99.05,
-33.95,18.69,
22.36,114.24,
-34.06,18.63,
-33.73,150.79,
41.06,28.78,
22.42,114.23,
-34.04,18.5,
-34.04,18.48,
-22.93,-43.43,
42.08,12.35,
-33.96,18.53,
-22.82,-43.39,
40.97,29.24,
13.75,100.42,
-33.89,18.54,
-33.88,151.07,
41.73,12.34,
-34.02,18.49,
-33.74,150.79,
-34.14,18.35,
41.27,28.89,
13.68,100.51,
13.71,100.82,
-22.9,-43.34,
-33.85,150.6,
22.38,113.98,
-22.95,-43.67,
-23.0,-43.62,
41.32,28.62,
41.11,28.64,
-33.72,150.95,
41.16,29.57,
41.01,28.49,
19.3,-99.08,
41.05,28.56,
41.13,28.83,
19.38,-99.05,
-33.84,18.75,
-33.76,150.83,
-33.88,150.92,
-22.96,-43.37,
-34.06,150.84,
-22.91,-43.62,
41.87,12.61,
19.55,-99.14,
13.73,100.38,
-33.99,18.56,
-33.94,18.71,
-34.05,18.6,
-33.92,151.06,
-34.01,150.77,
-33.97,18.53,
-33.92,18.48,
-33.96,151.22,
-33.83,150.95,
-33.92,18.61,
-34.02,150.75,
40.99,29.16,
-22.85,-43.34,
-33.88,150.95,
41.91,12.65,
22.24,114.19,
22.32,114.25,
41.85,12.62,
-22.85,-43.3,
22.4,114.28,
-34.07,18.47,
41.18,28.72,
41.08,28.63,
-22.9,-43.58,
41.16,28.91,
22.27,114.12,
41.19,28.74,
40.92,29.17,
41.11,28.99,
41.92,12.58,
-33.73,150.87,
-22.91,-43.35,
22.35,114.11,
40.99,28.66,
41.04,29.26,
41.15,29.02,
41.15,29.57,
22.25,114.16,
40.87,29.28,
22.47,114.36,
22.52,114.18,
41.12,28.99,
41.81,12.59,
22.35,114.07,
41.11,29.1,
-33.76,151.01,
22.32,114.2,
41.83,12.64,
41.85,12.63,
-22.89,-43.33,
-33.83,151.06,
19.37,-99.07,
22.33,114.23,
41.08,28.27,
40.89,29.21,
19.51,-99.2,
41.0,28.52,
-22.94,-43.22,
13.84,100.69,
19.34,-98.98,
-22.9,-43.62,
-33.82,151.04,
41.9,12.66,
22.33,114.22,
-33.89,150.93,
-22.84,-43.36,
-22.95,-43.62,
41.75,12.29,
41.88,12.64,
-33.81,18.67,
41.14,28.32,
40.95,29.16,
40.91,29.17,
41.26,28.03,
41.02,29.15,
-22.95,-43.25,
41.88,12.62,
-22.92,-43.43,
-34.16,18.4,
41.93,12.45,
41.86,12.65,
-33.83,18.71,
13.85,100.73,
19.24,-99.11,
48.82,2.3,
13.79,100.64,
13.62,100.42,
13.65,100.42,
-22.91,-43.37,
41.99,12.55,
40.97,29.21,
41.1,28.91,
41.04,28.87,
-33.65,151.07,
22.24,114.11,
41.81,12.64,
-33.91,18.7,
-22.86,-43.46,
41.75,12.44,
13.74,100.67,
41.04,28.5,
19.23,-99.1,
-34.0,18.34,
-33.67,150.8,
-33.72,151.03,
-33.6,151.05,
48.88,2.25,
-34.26,18.47,
-33.69,150.68,
41.06,28.29,
41.09,28.4,
41.05,28.05,
41.18,29.34,
40.81,29.28,
42.03,12.36,
42.04,12.37,
41.77,12.51,
-33.87,151.01,
-33.83,151.11,
41.05,28.51,
40.96,28.63,
41.03,28.58,
40.97,28.61,
42.04,12.42,
41.98,12.43,
-34.1,18.93,
41.79,12.33,
41.17,29.49,
41.75,12.39,
-34.0,151.02,
41.1,29.87,
13.94,100.57,
-33.91,151.0,
40.87,29.11,
41.91,12.69,
41.04,29.06,
19.2,-99.13,
-33.73,18.71,
41.8,12.65,
-33.42,150.94,
41.18,29.07,
41.73,12.49,
41.94,12.3,
22.27,113.93,
22.24,114.2,
41.2,28.72,
41.91,12.68,
13.76,100.36,
-22.87,-43.32,
41.23,29.27,
-22.86,-43.51,
-33.66,151.27,
-33.87,150.8,
41.71,12.33,
41.34,28.68,
-22.98,-43.51,
41.82,12.65,
41.74,12.31,
41.22,28.37,
41.74,12.32,
-22.99,-43.54,
-22.86,-43.42,
-33.52,151.19,
41.26,28.51,
22.26,113.99,
-33.72,150.71,
41.83,12.4,
-22.95,-43.58,
-33.75,150.75,
41.16,29.6,
-34.06,150.74,
41.15,29.16,
42.04,12.45,
19.46,-99.07,
19.44,-99.07,
-34.12,18.86,
41.08,29.25,
-33.72,150.86,
41.14,29.59,
41.97,12.47,
19.19,-99.09,
-33.81,150.94,
41.21,28.77,
41.08,28.78,
40.99,28.53,
41.25,28.67,
-33.75,150.78,
-33.9,150.94,
-33.76,150.68,
-33.96,18.46,
-34.07,18.38,
-33.62,151.03,
-22.96,-43.57,
-33.89,18.72,
-33.85,18.68,
-33.71,150.73,
13.76,100.81,
-33.77,150.88,
22.24,113.97,
13.68,100.49,
-33.82,18.72,
-22.94,-43.26,
41.95,12.4,
13.67,100.66,
41.23,28.1,
41.07,28.25,
13.87,100.66,
-22.82,-43.36,
19.19,-99.03,
41.1,28.87,
13.65,100.49,
-22.97,-43.59,
13.69,100.7,
-33.83,18.59,
41.33,28.7,
19.3,-99.27,
-22.81,-43.38,
-33.73,150.85,
41.1,28.85,
41.02,28.81,
13.63,100.43,
13.74,100.71,
13.92,100.68,
13.88,100.91,
-33.85,18.71,
-34.06,18.64,
-33.97,18.68,
41.13,29.83,
13.84,100.62,
-33.57,18.48,
-34.05,18.7,
-33.96,18.72,
41.09,29.16,
41.72,12.36,
-33.8,151.02,
-33.73,18.61,
-33.9,18.58,
22.43,114.01,
42.06,12.35,
42.02,12.57,
41.41,28.19,
41.12,28.04,
41.07,28.37,
-33.75,18.7,
-33.99,18.57,
-33.76,150.86,
-33.95,18.73,
-33.94,18.63,
41.84,12.62,
-33.74,150.82,
13.77,100.73,
19.23,-99.22,
41.24,28.99,
-33.76,151.04,
-23.01,-43.5,
-22.85,-43.47,
-33.96,150.86,
-33.7,150.99,
-34.19,18.45,
-33.87,150.93,
-33.62,151.31,
-33.58,151.13,
-22.89,-43.7,
-33.52,151.15,
-33.68,151.21,
41.89,12.68,
13.81,100.74,
-33.73,18.46,
-22.89,-43.6,
-33.72,151.18,
40.99,29.4,
41.88,12.59,
-23.06,-43.55,
-23.04,-43.52,
-34.03,151.17,
-33.94,18.69,
41.97,12.31,
-33.94,18.61,
19.3,-99.0,
-22.95,-43.66,
41.13,29.26,
13.71,100.36,
13.67,100.41,
22.48,114.01,
-22.93,-43.69,
41.37,28.2,
41.14,28.12,
41.11,29.85,
42.03,12.55,
-33.56,18.49,
-33.93,18.6,
-22.87,-43.24,
40.85,29.31,
-34.04,18.7,
-34.03,18.74,
41.02,28.48,
-23.01,-43.55,
40.98,28.7,
40.97,28.8,
41.14,28.79,
-33.9,151.07,
-33.91,150.88,
-22.91,-43.54,
13.9,100.62,
41.07,28.24,
41.11,29.82,
13.95,100.59,
-22.97,-43.57,
41.15,29.75,
-22.9,-43.37,
-22.96,-43.68,
41.1,29.03,
41.0,28.53,
-34.01,18.55,
41.74,12.47,
-33.68,151.01,
22.27,114.24,
41.76,12.38,
-34.13,18.92,
-23.01,-43.51,
-33.78,150.66,
-33.71,151.01,
-33.69,151.12,
40.9,29.36,
41.84,12.72,
-34.02,150.69,
-33.75,151.2,
19.49,-99.11,
41.95,12.61,
42.03,12.45,
42.08,12.34,
-33.82,18.77,
-33.87,150.82,
41.15,28.45,
42.02,12.61,
-33.74,151.18,
-33.55,151.24,
-34.06,151.07,
41.21,28.09,
-33.47,150.91,
-33.93,150.85,
-33.65,151.33,
-33.78,150.79,
-33.7,151.15,
-33.59,151.05,
-33.66,151.04,
-34.05,151.0,
41.1,28.4,
13.68,100.45,
-33.96,150.82,
22.46,114.01,
-22.97,-43.7,
-34.02,150.73,
40.81,29.31,
42.03,12.38,
41.09,28.92,
-33.49,151.08,
-33.75,150.94,
22.22,113.92,
42.01,12.38,
-33.99,150.89,
41.79,12.54,
48.83,2.47,
22.35,114.36,
13.89,100.69,
-34.02,151.08,
-33.66,151.13,
41.1,28.34,
19.29,-99.2,
-33.62,151.02,
-33.73,150.95,
-33.52,150.93,
-33.68,151.23,
41.06,28.32,
41.79,12.59,
42.06,12.34,
-33.9,150.97,
41.09,29.13,
-34.05,18.53,
41.05,28.36,
41.17,29.59,
41.14,29.7,
22.45,114.36,
-22.81,-43.33,
-33.78,151.22,
41.78,12.55,
-33.96,18.51,
40.92,29.19,
41.72,12.5,
41.77,12.28,
13.77,100.44,
19.35,-99.06,
41.12,29.12,
41.08,28.17,
41.09,28.19,
13.87,100.69,
-33.85,18.72,
-22.86,-43.35,
-22.99,-43.51,
41.27,28.69,
41.05,29.52,
-22.98,-43.56,
-22.93,-43.32,
-22.98,-43.63,
19.19,-98.99,
13.68,100.66,
-33.97,18.56,
-34.01,18.72,
-33.94,151.08,
41.91,12.26,
41.9,12.61,
13.74,100.44,
13.77,100.78,
-33.49,151.1,
-34.12,18.4,
-33.79,150.85,
-33.8,150.69,
-33.77,151.25,
13.72,100.8,
19.17,-99.02,
-22.88,-43.59,
22.2,114.04,
-33.75,150.83,
-22.94,-43.59,
-34.0,151.11,
19.2,-99.23,
-34.15,18.4,
-33.97,151.04,
19.21,-99.19,
41.16,29.74,
41.92,12.73,
13.87,100.7,
19.22,-99.1,
-23.01,-43.52,
-33.72,150.74,
41.21,28.76,
41.0,28.66,
22.25,113.87,
19.23,-99.19,
-33.73,150.84,
-33.68,150.71,
13.76,100.8,
13.73,100.68,
19.46,-99.11,
-22.97,-43.69,
13.91,100.69,
22.39,114.31,
19.21,-99.0,
-33.79,151.01,
41.76,12.54,
42.03,12.44,
19.31,-99.1,
19.37,-99.02,
13.79,100.7,
13.81,100.89,
-34.08,18.53,
42.05,12.41,
13.82,100.65,
-33.71,151.0,
-33.71,150.71,
41.16,28.17,
41.04,28.02,
13.86,100.72,
22.49,114.13,
19.23,-98.99,
-33.71,150.87,
13.62,100.43,
19.31,-99.04,
-33.94,150.87,
-33.84,151.12,
40.97,29.28,
13.68,100.4,
13.7,100.38,
13.53,100.42,
13.74,100.39,
19.31,-98.98,
-22.86,-43.52,
-33.79,150.89,
41.02,29.26,
40.96,28.66,
41.14,28.47,
13.87,100.76,
40.98,28.68,
41.08,28.85,
13.76,100.78,
41.11,28.76,
19.23,-99.18,
-23.01,-43.41,
-33.7,151.16,
-33.72,150.65,
-33.68,18.77,
-22.99,-43.55,
13.91,100.72,
13.76,100.4,
-22.89,-43.49,
-22.92,-43.56,
41.79,12.34,
41.98,12.46,
13.91,100.66,
13.68,100.48,
-22.87,-43.45,
13.67,100.43,
13.9,100.68,
-33.88,18.69,
-34.07,18.64,
-34.0,18.7,
13.66,100.68,
-33.74,151.26,
-33.92,18.47,
41.06,28.83,
41.07,28.79,
41.11,28.98,
41.21,28.7,
48.87,2.23,
41.05,28.65,
41.08,28.26,
-22.85,-43.38,
-33.98,18.38,
40.94,29.21,
22.45,114.04,
19.46,-99.22,
-33.97,150.86,
40.98,29.16,
41.78,12.39,
41.91,12.35,
-33.87,18.69,
41.19,29.44,
41.76,12.5,
41.04,29.22,
13.93,100.63,
19.32,-99.18,
41.88,12.41,
13.85,100.59,
41.02,28.61,
-22.9,-43.17,
41.0,28.88,
41.94,12.33,
-22.89,-43.2,
41.07,29.05,
-33.84,18.61,
-22.89,-43.65,
-23.01,-43.4,
42.03,12.47,
13.67,100.59,
40.96,29.17,
41.07,28.7,
41.05,28.84,
48.86,2.23,
22.29,114.29,
-34.03,18.55,
41.08,28.9,
41.73,12.3,
-34.06,150.7,
41.82,12.34,
22.47,113.98,
41.22,28.7,
22.29,114.23,
40.9,29.15,
40.99,28.67,
-22.9,-43.6,
22.3,114.2,
-34.18,18.43,
-22.98,-43.43,
41.09,28.64,
-33.93,150.88,
19.38,-99.1,
22.3,113.94,
-33.68,151.12,
41.73,12.5,
22.36,114.07,
41.18,29.06,
41.75,12.34,
48.81,2.36,
-22.89,-43.53,
19.27,-99.22,
-33.82,18.71,
41.92,12.6,
41.95,12.38,
41.93,12.5,
41.2,28.74,
-22.89,-43.43,
22.23,114.22,
-33.86,151.25,
-23.0,-43.53,
-22.88,-43.43,
40.98,28.89,
13.69,100.36,
13.73,100.44,
13.9,100.72,
-33.83,150.97,
40.97,28.84,
19.49,-99.09,
-22.89,-43.62,
-22.91,-43.4,
41.11,28.74,
41.94,12.32,
-33.97,18.57,
40.87,29.34,
41.03,29.19,
-22.91,-43.31,
41.02,28.83,
40.91,29.27,
41.91,12.62,
40.9,29.29,
-22.92,-43.69,
41.93,12.33,
41.94,12.45,
-34.0,18.49,
13.67,100.68,
-33.77,150.81,
22.37,114.11,
41.94,12.4,
-33.72,151.04,
19.21,-98.99,
40.85,29.12,
48.88,2.24,
19.5,-99.1,
40.99,28.65,
19.28,-99.24,
-33.93,150.96,
41.0,29.18,
-33.92,151.27,
-33.99,151.04,
-33.84,18.64,
42.02,12.47,
-33.7,151.09,
41.78,12.53,
-33.66,151.12,
41.83,12.59,
41.84,12.42,
-34.05,18.93,
-34.04,151.14,
41.95,12.39,
22.3,114.26,
-33.91,18.61,
19.35,-99.01,
42.02,12.45,
-22.86,-43.33,
-22.87,-43.51,
-22.92,-43.42,
41.81,12.31,
41.9,12.67,
-33.99,151.12,
48.87,2.25,
48.9,2.3,
